-- phpMyAdmin SQL Dump
-- version 4.8.2
-- https://www.phpmyadmin.net/
--
-- Host: 127.0.0.1
-- Waktu pembuatan: 22 Feb 2021 pada 07.52
-- Versi server: 10.1.34-MariaDB
-- Versi PHP: 5.6.37

SET SQL_MODE = "NO_AUTO_VALUE_ON_ZERO";
SET AUTOCOMMIT = 0;
START TRANSACTION;
SET time_zone = "+00:00";


/*!40101 SET @OLD_CHARACTER_SET_CLIENT=@@CHARACTER_SET_CLIENT */;
/*!40101 SET @OLD_CHARACTER_SET_RESULTS=@@CHARACTER_SET_RESULTS */;
/*!40101 SET @OLD_COLLATION_CONNECTION=@@COLLATION_CONNECTION */;
/*!40101 SET NAMES utf8mb4 */;

--
-- Database: `ict_ticketing_system`
--

-- --------------------------------------------------------

--
-- Struktur dari tabel `articles`
--

CREATE TABLE `articles` (
  `id` int(10) UNSIGNED NOT NULL,
  `user_id` int(10) UNSIGNED NOT NULL,
  `slug` varchar(191) COLLATE utf8mb4_unicode_ci NOT NULL,
  `title` varchar(191) COLLATE utf8mb4_unicode_ci NOT NULL,
  `description` varchar(191) COLLATE utf8mb4_unicode_ci NOT NULL,
  `body` text COLLATE utf8mb4_unicode_ci NOT NULL,
  `created_at` timestamp NULL DEFAULT NULL,
  `updated_at` timestamp NULL DEFAULT NULL
) ENGINE=InnoDB DEFAULT CHARSET=utf8mb4 COLLATE=utf8mb4_unicode_ci;

--
-- Dumping data untuk tabel `articles`
--

INSERT INTO `articles` (`id`, `user_id`, `slug`, `title`, `description`, `body`, `created_at`, `updated_at`) VALUES
(17, 3, 'ducimus-dolorum-facere-commodi-officia-aut-aliquam-temporibus', 'Ducimus dolorum facere commodi officia aut aliquam temporibus.', 'Amet id officiis dolorum est rerum iusto ad voluptatem non omnis quo minus.', 'Et id et accusamus excepturi nihil. Sed modi corrupti nesciunt quia omnis error deserunt. Reiciendis rerum illo eligendi ex. Optio ratione culpa et dolor unde voluptate exercitationem. Et quis aperiam et dolores quidem.\n\nDolorem dolores maiores quia id non quasi laudantium eius. Iure nobis ut qui eos cumque repellat ut ab. Voluptas quibusdam dolores saepe in et est.', '2021-02-15 23:40:52', '2021-02-15 23:57:15'),
(18, 3, 'ut-sint-sit-atque-quae-nihil', 'Ut sint sit atque quae nihil.', 'Cumque aspernatur porro tempore tempora harum rerum repellendus qui.', 'Et molestiae quia qui minima. Laboriosam natus commodi ad distinctio sit perferendis vel. Sed repellat officia accusamus eius voluptatem molestias totam.', '2021-02-15 23:40:53', '2021-02-15 23:57:15'),
(19, 3, 'et-voluptas-sit-nesciunt-corporis-similique-perferendis', 'Et voluptas sit nesciunt corporis similique perferendis.', 'Molestiae aut qui aut ducimus aut beatae nihil eum et qui.', 'Sit facere tempora aliquam enim magnam. Nihil architecto expedita iusto doloribus nulla hic. Debitis et iure unde. Eum vel debitis voluptas aut rerum.\n\nEveniet qui corporis saepe et in harum. Et dolorem aperiam fugit officia. Nulla minima impedit repudiandae. Omnis quia velit fugit.', '2021-02-15 23:40:54', '2021-02-15 23:57:15'),
(20, 3, 'excepturi-et-aut-et-eveniet-quos-dolores-nostrum', 'Excepturi et aut et eveniet quos dolores nostrum.', 'Sequi ipsa harum doloribus fuga ullam rerum dolorum autem quod nisi.', 'Dicta ipsa ipsum optio consectetur necessitatibus qui suscipit quaerat. Vel vel voluptate sapiente omnis. Impedit voluptas eius voluptates quia alias placeat. Sapiente tempora deserunt voluptatem dicta et.', '2021-02-15 23:40:55', '2021-02-15 23:57:15'),
(21, 3, 'consectetur-veniam-ducimus-sint', 'Consectetur veniam ducimus sint.', 'Suscipit facere illum fugit at ut ut natus consequuntur dicta.', 'Cumque maiores ut doloribus et. Repellat et aliquam porro sed itaque non. Dolore repudiandae cumque et et.', '2021-02-15 23:40:56', '2021-02-15 23:57:15'),
(22, 4, 'veritatis-fugit-delectus-facere-animi-dicta-et-sit', 'Veritatis fugit delectus facere animi dicta et sit.', 'Delectus quisquam et numquam consequatur magni error non fugiat perspiciatis sint nisi rerum.', 'Harum voluptatem enim voluptatem cumque. Quia quis eos accusamus aut ad. Nihil suscipit ut voluptas est. A voluptate deserunt consectetur ut dolorum.', '2021-02-15 23:40:57', '2021-02-15 23:57:15'),
(23, 4, 'ea-vero-tempora-earum-rerum', 'Ea vero tempora earum rerum.', 'Excepturi non quam minus incidunt eum dicta.', 'Voluptatum accusamus commodi maiores nulla qui ut eum. Dolorum nihil nemo culpa illum voluptatibus adipisci quo eum. Corrupti corporis dolor modi sint similique incidunt neque. Harum voluptatem id rerum est neque.\n\nDeleniti consequatur aut tempore asperiores. Ut iusto dolorem atque iste ex sed. Similique iure eaque asperiores molestiae quidem consequatur aut commodi. Inventore totam et adipisci libero in quaerat.\n\nDeserunt quo optio enim. Dolorum facere ea ducimus suscipit qui. Sunt aspernatur voluptatem accusantium optio deleniti sit mollitia est.', '2021-02-15 23:40:58', '2021-02-15 23:57:15'),
(24, 4, 'illum-cupiditate-aliquam-non-neque-aut-et-libero', 'Illum cupiditate aliquam non neque aut et libero.', 'Rerum corporis et maxime ut aut quisquam.', 'Sint non voluptatem ea dolores labore qui. Quis dolore quisquam vitae a consectetur.', '2021-02-15 23:40:59', '2021-02-15 23:57:15'),
(25, 4, 'quod-autem-sed-animi-cumque-maxime-nemo-ipsum-totam', 'Quod autem sed animi cumque maxime nemo ipsum totam.', 'Voluptate tempora et consequatur aut sunt magnam.', 'Aut pariatur ut nemo eligendi omnis. Magni vero nihil totam fuga blanditiis eaque qui. Sint excepturi ut qui dolores est.', '2021-02-15 23:41:00', '2021-02-15 23:57:15'),
(26, 4, 'fuga-et-ut-fugiat-dolorem', 'Fuga et ut fugiat dolorem.', 'Id animi est velit molestias doloremque dolor magni.', 'Quia consequatur est est repellendus deleniti tenetur eligendi placeat. Inventore ut consequatur minus quo ut. Dolore facilis ipsa sed ut et sed.\n\nEa consequatur reprehenderit iure id. Eos ex commodi nemo omnis. Deserunt voluptatibus voluptatem possimus odit velit numquam magnam.', '2021-02-15 23:41:01', '2021-02-15 23:57:15'),
(27, 4, 'mollitia-eveniet-rem-nemo-quasi-velit-rerum', 'Mollitia eveniet rem nemo quasi velit rerum.', 'Assumenda et culpa voluptas quae explicabo voluptate similique dolore ut iusto quo commodi.', 'Aliquid alias maxime aliquam eos. A est tenetur numquam modi. Voluptate tempora dolor perferendis recusandae. Eligendi sunt in beatae accusamus facilis vero impedit. Aut perspiciatis sit autem nihil dicta.\n\nIpsum sunt molestiae ut rerum non. Qui quod minus voluptas dolores molestiae et. Vel porro quia explicabo et adipisci neque. Debitis qui saepe ut esse voluptas voluptas veniam.\n\nDeserunt molestias qui qui ipsum voluptas provident. Delectus est ab veniam qui totam. Fugit voluptas consequatur dolores ut ab. Quisquam qui dignissimos ducimus et qui.', '2021-02-15 23:41:02', '2021-02-15 23:57:15'),
(28, 4, 'et-eveniet-animi-qui-molestias', 'Et eveniet animi qui molestias.', 'Natus quis asperiores deleniti labore omnis fuga eum non consectetur neque exercitationem exercitationem.', 'Impedit sunt minima labore totam quaerat. Eum veritatis possimus est quis sint necessitatibus. Saepe et explicabo praesentium laboriosam corrupti.', '2021-02-15 23:41:03', '2021-02-15 23:57:15'),
(29, 4, 'quia-aut-expedita-alias-iure-laborum-fuga-voluptatum', 'Quia aut expedita alias iure laborum fuga voluptatum.', 'Eaque et voluptate maxime inventore iste sit velit aperiam in beatae architecto maxime.', 'Et quam repellat aut quibusdam. Aut qui velit quidem omnis. Quis possimus sed non praesentium quo. Enim dolores aut animi iste.', '2021-02-15 23:41:04', '2021-02-15 23:57:15'),
(30, 4, 'dolorum-hic-porro-voluptas-eos-voluptatem-quasi', 'Dolorum hic porro voluptas eos voluptatem quasi.', 'Tempora fugiat eum aut quo officia vero dolores neque accusantium tempore ipsam.', 'Consequatur blanditiis voluptatem ipsa aut nihil. Totam quia minima omnis culpa. Aut omnis blanditiis omnis impedit sit. Ut dolores ducimus reprehenderit.', '2021-02-15 23:41:05', '2021-02-15 23:57:15'),
(31, 4, 'et-sit-omnis-similique-iure-tempora-officiis-asperiores-deleniti', 'Et sit omnis similique iure tempora officiis asperiores deleniti.', 'Itaque eos voluptatem consequatur modi velit enim nulla explicabo maiores aut recusandae numquam atque.', 'Corporis deleniti et doloribus veniam rerum assumenda illum iure. Dolorem a non temporibus vitae et ullam. Est deserunt et quia mollitia. Eligendi velit voluptas voluptas sint voluptatibus.\n\nIncidunt quos quibusdam incidunt magnam. A veniam quas nesciunt animi tempora. Fugiat quis consequuntur vero quos quidem provident. Officiis pariatur consequatur dolor corrupti ullam deserunt.', '2021-02-15 23:41:06', '2021-02-15 23:57:15'),
(32, 4, 'necessitatibus-qui-consectetur-eius-nesciunt-rem-et-similique', 'Necessitatibus qui consectetur eius nesciunt rem et similique.', 'Tempora ex qui nihil in fuga modi repudiandae sint.', 'Consequatur enim rerum laboriosam officia deserunt blanditiis sapiente. Impedit quo sint vel odit. Veritatis doloribus illo unde.', '2021-02-15 23:41:07', '2021-02-15 23:57:15'),
(33, 4, 'dolor-quod-adipisci-cum', 'Dolor quod adipisci cum.', 'Similique laboriosam eum ad est temporibus explicabo et provident.', 'Aut dolorem rerum sint nulla fugit ipsum et. Omnis laudantium repellendus porro vero possimus quos atque rerum. Non nobis natus consequatur minima culpa iure. Aut odio dolor fugiat qui.\n\nOccaecati corrupti itaque qui rem explicabo harum voluptatem cupiditate. Ea quas praesentium quae similique natus et est nesciunt. Suscipit natus quae laboriosam et quod dolor consequatur. Molestias corrupti ut rem.', '2021-02-15 23:41:08', '2021-02-15 23:57:15'),
(34, 6, 'corrupti-dolore-iure-praesentium-recusandae-beatae-natus', 'Corrupti dolore iure praesentium recusandae beatae natus.', 'Laudantium quisquam quos voluptas pariatur deleniti incidunt esse beatae laboriosam dolor vel nam.', 'Aliquam dicta tempore fuga ut. Voluptatum quisquam iure blanditiis quo in pariatur consequatur rerum.\n\nNumquam neque fugit harum ut et excepturi quam. Maxime consequatur ut dignissimos qui et corporis in. Et dolores molestiae et et minima quo. Vitae porro alias rerum quae et.\n\nIn et nam sit ipsum. Numquam vel est doloremque minima soluta id aspernatur. Sed architecto id alias facilis quo consequatur.', '2021-02-15 23:41:09', '2021-02-15 23:57:15'),
(35, 6, 'accusantium-cupiditate-eos-quia-odio-veritatis-in-et-harum', 'Accusantium cupiditate eos quia odio veritatis in et harum.', 'Numquam repellendus sapiente assumenda facere similique totam nisi omnis qui nostrum commodi.', 'Quod dolore itaque dolores similique quo sed voluptatem maiores. Adipisci laboriosam ducimus quibusdam facere quia corporis aut dolores.', '2021-02-15 23:41:10', '2021-02-15 23:57:15'),
(36, 7, 'fugiat-ut-sit-sit-sit', 'Fugiat ut sit sit sit.', 'Qui voluptas aut eligendi rerum quas fuga.', 'Qui non et natus debitis omnis et dignissimos. Optio fugit nulla cumque quia et earum. Quia eos mollitia adipisci tenetur dolor.\n\nDebitis qui quos vel ab quia consectetur minus. Eum voluptatem est sequi occaecati doloribus est eius unde. Impedit quis velit officia voluptatem.\n\nRepudiandae id rerum aut magni enim. Cumque aliquid cum deleniti eaque. Quaerat doloremque nesciunt hic officia quidem eius autem.', '2021-02-15 23:41:11', '2021-02-15 23:57:15'),
(37, 7, 'aperiam-possimus-enim-et-et-quis-ut-vel-eveniet', 'Aperiam possimus enim et et quis ut vel eveniet.', 'Eligendi eligendi atque optio iste voluptas et dicta est ut.', 'Illum nihil quaerat et qui itaque totam accusamus tenetur. Aut est ut veniam illo earum. Nesciunt praesentium nihil omnis magni.\n\nAut ea hic possimus saepe et. Et ex dolor repellat facere. Et voluptatem eos magnam qui ut commodi. Iure minus sit perferendis rem illum reiciendis sed.', '2021-02-15 23:41:12', '2021-02-15 23:57:15'),
(38, 7, 'rerum-qui-occaecati-voluptas-sint-alias-et-ducimus', 'Rerum qui occaecati voluptas sint alias et ducimus.', 'Quia fugiat dolorum itaque atque quas nostrum sit dolores.', 'Perspiciatis et qui tempore aspernatur ea quis. Rerum non quas sunt voluptas nihil aut hic quia. Eius qui pariatur provident. Aut qui eos pariatur id sapiente. Qui nulla ea atque id ipsum ut ipsum.', '2021-02-15 23:41:13', '2021-02-15 23:57:15'),
(39, 7, 'et-eligendi-qui-voluptatem-autem-quae-voluptatem', 'Et eligendi qui voluptatem autem quae voluptatem.', 'Minima aut et vel sint accusamus voluptatibus rerum.', 'Veritatis numquam odit nesciunt incidunt ut. Facilis aliquid ex sunt et dolor. Aspernatur aspernatur sapiente ut minus sit. Quibusdam minus minus atque adipisci architecto earum.', '2021-02-15 23:41:14', '2021-02-15 23:57:15'),
(40, 7, 'ratione-possimus-aut-ut-sint-aut-voluptas-praesentium', 'Ratione possimus aut ut sint aut voluptas praesentium.', 'Impedit quisquam omnis quaerat soluta sit ea quia quaerat dolore corrupti reprehenderit.', 'Laboriosam aut optio dolorem. Numquam et in et. Cum soluta sunt ea excepturi consequatur id. Ducimus asperiores qui est ut.', '2021-02-15 23:41:15', '2021-02-15 23:57:15'),
(41, 7, 'nihil-qui-porro-vel-sunt', 'Nihil qui porro vel sunt.', 'Cupiditate ut ut dignissimos quo neque ea dicta laudantium rerum debitis.', 'Doloribus qui quod ad atque vitae dolorem. Dolorem porro quaerat voluptatem animi repudiandae nisi. Deleniti quia officia dolorum provident. Earum explicabo quod quis voluptatem ea.\n\nEst voluptas suscipit molestiae sint enim. Earum unde provident vero omnis. Voluptatem nihil fugit eum accusamus iusto dolores.\n\nNobis quis quod ipsa. Voluptatem animi sed id asperiores facere. Ea ea et odit sint asperiores velit ut quia. Dolores veniam sit repudiandae ducimus nostrum itaque.', '2021-02-15 23:41:16', '2021-02-15 23:57:15'),
(42, 7, 'sint-tempora-ratione-aut-sit-et-sunt-suscipit-ut', 'Sint tempora ratione aut sit et sunt suscipit ut.', 'Dolores minus esse voluptas soluta quo nisi culpa.', 'Voluptas sapiente qui fugit quos ullam nihil amet voluptatum. Quidem iusto asperiores laboriosam dolores. Impedit modi rerum itaque cum quis libero. Molestiae rem velit reiciendis animi. Amet quisquam quaerat quia.', '2021-02-15 23:41:17', '2021-02-15 23:57:15'),
(43, 7, 'iure-pariatur-culpa-tempore-consequuntur', 'Iure pariatur culpa tempore consequuntur.', 'A id quasi dolorem illum sed repellendus magni qui autem et et et.', 'Dolorem eum vitae earum excepturi est. Minus esse sint pariatur praesentium quibusdam. Autem eveniet ducimus corrupti sed quia voluptatem modi.\n\nModi quas maxime omnis pariatur. Qui sit ut amet. Reiciendis qui odio beatae illo repellat.', '2021-02-15 23:41:18', '2021-02-15 23:57:15'),
(44, 7, 'et-deleniti-quia-est-nobis-totam', 'Et deleniti quia est nobis totam.', 'Illo inventore modi possimus atque et pariatur harum sit officia earum hic possimus.', 'Deleniti aut inventore est qui. Praesentium minima ducimus maxime aut sequi. Aut mollitia odit ab. Autem repellat veritatis officiis et.\n\nNeque temporibus consequuntur sapiente facilis vero atque illum. Eveniet non aut vel non. Ratione ipsam cum officia neque dicta quis eos. Temporibus rerum suscipit voluptatem.\n\nUt rem culpa suscipit. Optio rerum exercitationem suscipit laudantium cum unde. Eum quis fugit voluptatem cupiditate.', '2021-02-15 23:41:19', '2021-02-15 23:57:15'),
(45, 7, 'eum-praesentium-facilis-voluptas-recusandae-aut', 'Eum praesentium facilis voluptas recusandae aut.', 'Vel suscipit deleniti optio pariatur omnis tempora architecto magnam.', 'Et optio ad minima sunt accusamus. Esse molestiae quo ullam eos. Harum vel quo est quos. Qui consequatur porro hic accusantium nihil est omnis.', '2021-02-15 23:41:20', '2021-02-15 23:57:15'),
(46, 8, 'id-est-aperiam-ipsam-consequuntur', 'Id est aperiam ipsam consequuntur.', 'Sunt ipsum est nesciunt molestias quia nam.', 'Sit qui aliquam repellendus dolore. Magnam nihil libero dolorem id dolores esse. Asperiores maiores possimus et incidunt optio beatae.', '2021-02-15 23:41:21', '2021-02-15 23:57:15'),
(47, 8, 'vitae-beatae-et-quos-sequi-saepe-possimus-id', 'Vitae beatae et quos sequi saepe possimus id.', 'Reprehenderit et laborum non neque velit enim alias libero quisquam.', 'Cum vero voluptas officia ad. Minima beatae nam velit consequuntur similique similique cum excepturi.', '2021-02-15 23:41:22', '2021-02-15 23:57:15'),
(48, 8, 'esse-quo-sint-sunt-dolores-magnam-dicta', 'Esse quo sint sunt dolores magnam dicta.', 'Et nemo necessitatibus minima ut aut rem sit quod cum qui.', 'Temporibus culpa nam sequi animi nihil. Dolorum saepe facere tempora voluptatem sed ut.\n\nLaboriosam omnis eum ut esse velit. Incidunt temporibus quasi doloribus enim ad qui. Eaque itaque fugiat quia iure aut molestiae. Eos consequatur et omnis molestiae nobis earum.\n\nPerferendis aut dicta dolores quibusdam. Odio placeat delectus harum et labore voluptate. Nulla sint quaerat et perferendis sequi ut. Quas dolores explicabo tempora expedita.', '2021-02-15 23:41:23', '2021-02-15 23:57:15'),
(49, 8, 'in-maiores-sunt-commodi-eius-molestiae-necessitatibus-molestiae', 'In maiores sunt commodi eius molestiae necessitatibus molestiae.', 'Sed enim aliquam mollitia molestiae quam eos voluptatem consequatur quis.', 'Enim reiciendis sit ratione expedita. Natus sit consequatur voluptatem perferendis quae aliquid voluptates. Illum omnis dolores rerum porro. Expedita optio qui occaecati voluptatum molestiae magni doloremque odio.', '2021-02-15 23:41:24', '2021-02-15 23:57:15'),
(50, 8, 'aliquid-magnam-natus-ipsa-cumque-eaque-consequatur-rem', 'Aliquid magnam natus ipsa cumque eaque consequatur rem.', 'Perspiciatis praesentium cum aut qui ut eligendi sed nihil ut deleniti maxime est.', 'Fuga ut aperiam hic laudantium libero. Magni est qui voluptas et et. Facilis voluptas consequuntur eos officiis itaque sit. Explicabo et consectetur saepe nesciunt expedita.', '2021-02-15 23:41:25', '2021-02-15 23:57:15'),
(51, 8, 'quaerat-sed-in-explicabo-incidunt-veniam-provident-reiciendis', 'Quaerat sed in explicabo incidunt veniam provident reiciendis.', 'Amet et et ab aut est incidunt necessitatibus nihil libero velit tempora.', 'Aliquam quia qui accusantium nihil porro sed. Reiciendis enim beatae excepturi quo ratione soluta enim quasi. Expedita cum odit qui sit neque molestias. Eum non odio dolore delectus accusamus est.\n\nQuis deserunt ut quas iste at sit. Nobis repudiandae dignissimos enim molestiae accusantium. Quis rem neque et impedit voluptatem.\n\nNulla tempora doloremque deleniti autem. Est dolores quidem officiis nobis fugit numquam. Illum sequi rerum nam molestiae facilis aut. Id illum quia dolorem deserunt totam at laudantium.', '2021-02-15 23:41:26', '2021-02-15 23:57:15'),
(52, 8, 'voluptas-dolorem-adipisci-et-qui-soluta-consequuntur-necessitatibus', 'Voluptas dolorem adipisci et qui soluta consequuntur necessitatibus.', 'Id reiciendis ut nisi ut excepturi ut.', 'Nihil quia eveniet quisquam molestiae ab delectus. Minus at sed aperiam tempore laudantium vel. Inventore excepturi fugit similique quia.\n\nLibero ullam quaerat voluptatem maiores rerum. Nesciunt fugit tempora sed consequuntur. Est excepturi qui velit eum qui nihil. Repellat ullam similique ex nihil quibusdam.\n\nSunt illum voluptatem impedit praesentium iste. Et natus est consectetur ad et. In sint aspernatur fugiat laboriosam quam sed quia.', '2021-02-15 23:41:27', '2021-02-15 23:57:15'),
(53, 8, 'est-quisquam-quia-nihil-nobis', 'Est quisquam quia nihil nobis.', 'Quia qui ex non ratione consequatur minima cumque in iure necessitatibus laboriosam.', 'Dicta ab illo ducimus porro tempora doloremque et. Dicta doloribus corporis odio et at occaecati.\n\nAccusamus et molestiae sunt odio atque voluptatem distinctio et. Exercitationem aut voluptate qui ut qui. Suscipit rerum aut sed nemo at eligendi. Minus quidem temporibus hic saepe minus fugit iusto aut.', '2021-02-15 23:41:28', '2021-02-15 23:57:15'),
(54, 8, 'maiores-voluptas-sed-cupiditate-maiores-molestiae-ipsam-optio', 'Maiores voluptas sed cupiditate maiores molestiae ipsam optio.', 'Mollitia praesentium nihil illo commodi mollitia optio voluptates omnis voluptas modi molestiae incidunt.', 'Quisquam qui sunt quasi aut. Molestias delectus autem et fuga itaque consectetur. Architecto possimus consequatur voluptatem animi reprehenderit consequuntur et atque. Dolorum ad nesciunt illum.\n\nVoluptates non in praesentium dicta vel sequi et ut. Repellendus dignissimos eum consectetur nam. Voluptas tempora itaque labore quis distinctio aut.\n\nUt eos illum aliquid excepturi voluptatem in quis. Esse saepe tempora vitae iste nostrum. Aut magni aliquam quod dignissimos ut eos hic totam. Quis quisquam provident repellat non.', '2021-02-15 23:41:29', '2021-02-15 23:57:15'),
(55, 8, 'est-blanditiis-sapiente-voluptatem-at', 'Est blanditiis sapiente voluptatem at.', 'Ipsam sint rerum corporis libero et quo.', 'Est enim accusamus earum qui quis. Ut non et eum possimus. Incidunt asperiores dolorem quia minus aut minima. Velit rerum voluptatem illo ex doloremque adipisci perspiciatis.', '2021-02-15 23:41:30', '2021-02-15 23:57:15'),
(56, 8, 'earum-ea-et-molestias-delectus', 'Earum ea et molestias delectus.', 'Minima ipsa excepturi eaque quo ut reiciendis possimus voluptatem nemo.', 'Voluptatem qui et et mollitia quis. Unde atque accusamus architecto. Possimus et ut sit eligendi nostrum cumque. Dolores doloribus assumenda ut provident aut dolorem.', '2021-02-15 23:41:31', '2021-02-15 23:57:15'),
(57, 9, 'occaecati-sed-facilis-consequuntur-aspernatur-quisquam-aut', 'Occaecati sed facilis consequuntur aspernatur quisquam aut.', 'Velit et neque vero ea et mollitia placeat.', 'Vel nemo dolorum quia. Ea magnam quia molestiae dolore officiis et. Suscipit voluptatem ipsum accusamus culpa aut. Dolorum et omnis aut impedit enim tenetur.\n\nQuo accusamus consectetur veniam vel et. Dolores eveniet nisi ea est. Id quia aspernatur qui fugiat veniam iusto dignissimos rerum.', '2021-02-15 23:41:33', '2021-02-15 23:57:16'),
(58, 9, 'sapiente-aperiam-in-eveniet-quam-adipisci', 'Sapiente aperiam in eveniet quam adipisci.', 'Consequatur fugiat consequuntur nobis iste culpa iusto aut itaque fugiat magnam voluptates quia.', 'Quasi ullam quo expedita minus qui ex. Est tenetur ipsa et nihil sint nemo. Sit id quaerat recusandae minus modi nihil necessitatibus. In rerum voluptatem praesentium nihil vel et. Sapiente quod in magni sapiente consequatur quibusdam enim.\n\nExercitationem at voluptas vel eos maxime commodi asperiores et. Dolore ut natus qui repellat doloremque. Sequi ratione consequuntur ut numquam delectus ducimus nemo.\n\nEst sapiente et incidunt quia velit. Est maiores eos consectetur mollitia corrupti ipsam.', '2021-02-15 23:41:34', '2021-02-15 23:57:16'),
(59, 9, 'velit-accusantium-molestiae-officiis-consequatur', 'Velit accusantium molestiae officiis consequatur.', 'Fugiat qui repellendus rem doloremque ipsam asperiores cumque qui.', 'Sunt expedita molestiae ipsa voluptas aut odio magnam. Excepturi officiis ullam architecto voluptatibus nobis. Aut dolores asperiores reiciendis laudantium qui. Tenetur minima porro ut quis quos quidem vitae.', '2021-02-15 23:41:35', '2021-02-15 23:57:16'),
(60, 9, 'sapiente-qui-est-est-omnis-voluptatem-eaque-magnam', 'Sapiente qui est est omnis voluptatem eaque magnam.', 'Atque consequatur quia eos earum officiis nam accusamus quo.', 'Eum magni laudantium distinctio doloribus. Quis voluptatem consequatur quis recusandae magni aut. Neque excepturi sed voluptatem voluptatem iste debitis vel.\n\nQuam aspernatur nemo sed est. Nobis nostrum eaque laboriosam et quod qui et quia. Dolorem vel et voluptatibus qui incidunt id optio.\n\nUt et est accusamus autem animi. Earum ea vel at consectetur error et ea. Tenetur rerum vel quisquam voluptatem saepe accusamus eos. Facilis perferendis provident molestias aut doloribus et. Sunt ipsam atque quaerat qui reiciendis sint autem.', '2021-02-15 23:41:36', '2021-02-15 23:57:16'),
(61, 9, 'autem-maiores-repellendus-est-voluptatem-et-cum-esse', 'Autem maiores repellendus est voluptatem et cum esse.', 'Modi eos dolor qui rerum tempora dolor adipisci ut quas sed enim blanditiis.', 'Magnam impedit accusantium id fugit accusamus temporibus. Sunt harum similique voluptatem ut fuga a unde. Aut dolorem doloremque eius velit aut velit libero. Neque nam eligendi quibusdam quis ea soluta nobis dignissimos.\n\nEst hic a dolores repellendus. Iure et placeat expedita vero a praesentium. Est quia commodi itaque ut consectetur.', '2021-02-15 23:41:37', '2021-02-15 23:57:16'),
(62, 9, 'asperiores-qui-dolorum-inventore-quidem-veritatis-quidem', 'Asperiores qui dolorum inventore quidem veritatis quidem.', 'Magnam error fugit mollitia odit minima quis.', 'Repudiandae beatae voluptatem qui eos non ea. Doloremque tenetur repellat natus impedit.', '2021-02-15 23:41:38', '2021-02-15 23:57:16'),
(63, 9, 'perspiciatis-quo-et-eum-asperiores-ut-nihil-similique', 'Perspiciatis quo et eum asperiores ut nihil similique.', 'Recusandae officia beatae in impedit quasi ducimus dolorem sunt esse cupiditate.', 'Est doloremque illo non illum dignissimos iusto eius rem. Est consequatur qui dolore voluptatum est. Similique praesentium tempore sapiente laboriosam dolores qui error. Magnam eaque iure voluptate.\n\nQuia unde inventore rerum aspernatur. Ut perferendis est consequatur. Repudiandae necessitatibus omnis iusto delectus.\n\nQui aliquid qui ipsa blanditiis consequatur id. Illum minus voluptates vitae dolore cum labore.', '2021-02-15 23:41:39', '2021-02-15 23:57:16'),
(64, 9, 'soluta-voluptatem-ut-consectetur-cumque-veritatis-est-corporis', 'Soluta voluptatem ut consectetur cumque veritatis est corporis.', 'Ea molestias similique vitae et voluptatum magni illum assumenda accusantium quo id corrupti.', 'Reiciendis quia quas illum dolores. Ut sit beatae aut quia. Occaecati nulla facere dolorem vel. Quis corporis voluptatem quis provident minima.\n\nSed vel ipsum temporibus non recusandae itaque. Non et perspiciatis vel et autem debitis. Non aliquid est repudiandae et est sequi tenetur. Ea voluptates cumque reiciendis minima inventore nam et.', '2021-02-15 23:41:40', '2021-02-15 23:57:16'),
(65, 9, 'nisi-optio-eos-ab-debitis-qui-ipsum-saepe', 'Nisi optio eos ab debitis qui ipsum saepe.', 'Ratione ut veniam eligendi quo earum distinctio molestiae quaerat occaecati velit maxime ducimus explicabo.', 'Perspiciatis velit non voluptatem assumenda quaerat. Natus officia consequatur consequuntur. Doloribus aliquam sed deleniti.\n\nSit aut debitis odio ea. Excepturi autem asperiores ratione quia magni animi vitae. Repellendus repellat in ratione suscipit. Ab et tempora quas rerum est enim consectetur.\n\nEst vero itaque qui omnis consequuntur occaecati voluptatibus voluptatem. Natus qui et repellat accusamus. Minus ab ducimus dolorem placeat quos. Porro et aut voluptatem facere doloribus.', '2021-02-15 23:41:41', '2021-02-15 23:57:16'),
(66, 10, 'maxime-temporibus-deleniti-distinctio', 'Maxime temporibus deleniti distinctio.', 'Maiores quos vel quos ad ratione tempora neque ut consequuntur.', 'Voluptates voluptatum esse voluptatem voluptatem quo ab quo. Autem a impedit adipisci necessitatibus nostrum repellendus in. Ratione est non non eum numquam.\n\nAt quisquam voluptatum accusamus eaque aut autem. Et voluptatem nam laudantium sunt eum odio. Et inventore excepturi molestias dolorem natus.', '2021-02-15 23:41:42', '2021-02-15 23:57:16'),
(67, 10, 'dolorem-molestiae-ducimus-laboriosam-sed-quod', 'Dolorem molestiae ducimus laboriosam sed quod.', 'Voluptas consequatur id et repellat incidunt sed itaque beatae enim nostrum voluptatem.', 'Animi dolorum rerum eveniet temporibus quia est neque. Pariatur incidunt in architecto saepe. Veritatis repellendus eum eveniet illo.\n\nNecessitatibus dignissimos ratione illo omnis sit libero possimus hic. Vero cum eligendi aperiam ut. Et in molestiae consequatur. Molestiae et incidunt delectus.', '2021-02-15 23:41:43', '2021-02-15 23:57:16'),
(68, 10, 'sequi-ipsum-rerum-odit-accusamus-aliquam-nihil', 'Sequi ipsum rerum odit accusamus aliquam nihil.', 'Molestiae accusamus fuga deleniti labore praesentium impedit cumque est nam.', 'Recusandae ab maiores consectetur necessitatibus nostrum delectus. Repudiandae quia quibusdam repellendus deleniti. Perferendis in quis nihil.\n\nVelit dicta doloremque necessitatibus in. Blanditiis incidunt quas quo tempore quis quia totam. Repellat ea libero rerum.\n\nVoluptatem ex esse sint sed placeat maiores. Tempore nobis laboriosam cupiditate voluptas quia nemo. Quibusdam porro quibusdam repellendus est.', '2021-02-15 23:41:44', '2021-02-15 23:57:16'),
(69, 10, 'alias-aliquam-et-asperiores-iste-et-provident-recusandae', 'Alias aliquam et asperiores iste et provident recusandae.', 'Possimus dolorum facilis nostrum sit et occaecati placeat nihil aliquid veniam ut distinctio ex.', 'Esse ut quisquam animi adipisci facere. Tempora culpa neque et voluptates eum nostrum. Ipsam architecto minus minima porro consequatur et maxime quia. Atque in sint amet ipsum est.', '2021-02-15 23:41:45', '2021-02-15 23:57:16'),
(70, 11, 'et-ea-dolore-unde-magni', 'Et ea dolore unde magni.', 'Consequatur laborum harum cupiditate aut illo rerum ut eos officia ducimus fugiat rerum.', 'Aut voluptatibus corrupti et cumque cupiditate ex odio. Harum dolores consequatur quo voluptatem veritatis quia. Ut ut quaerat qui voluptas dolor explicabo rerum explicabo. Qui quaerat et dolorem aperiam aut.', '2021-02-15 23:41:46', '2021-02-15 23:57:16'),
(71, 11, 'et-asperiores-et-corrupti', 'Et asperiores et corrupti.', 'Assumenda tenetur harum cum impedit mollitia nemo quasi est corrupti.', 'Omnis accusantium qui eum ea eum cumque est saepe. Assumenda sed laudantium voluptatum qui qui. Non et impedit libero qui et aspernatur. Ut repellat ab omnis porro sed architecto.\n\nEa quam facere magnam minus maiores. Eligendi assumenda itaque nam distinctio qui aliquam.', '2021-02-15 23:41:47', '2021-02-15 23:57:16'),
(72, 11, 'qui-ad-voluptatem-molestiae-tenetur', 'Qui ad voluptatem molestiae tenetur.', 'Velit voluptatem officiis aliquam ratione impedit itaque deserunt mollitia sunt quidem eius recusandae aut.', 'Doloremque ut quam ipsa doloribus. Iusto quod aspernatur ipsa quas ut amet. Id eum quaerat vel porro. Ut explicabo repellendus et adipisci fugiat aut odit.\n\nVero minima dolores sunt reiciendis iste temporibus neque ea. Est quis aliquid ipsum deserunt blanditiis excepturi et doloribus.\n\nAut magnam rerum cupiditate cum veritatis molestias numquam. Optio laborum est doloribus accusantium. Blanditiis qui illum aut impedit sequi velit cupiditate. Animi possimus adipisci totam nam et.', '2021-02-15 23:41:48', '2021-02-15 23:57:16'),
(73, 11, 'accusantium-repellendus-et-ea-aliquam-tempore-consectetur-aut', 'Accusantium repellendus et ea aliquam tempore consectetur aut.', 'Natus eum nobis dolore dolores esse officiis sit consequatur illum sit similique dolorem.', 'Fugiat quisquam quia et aspernatur. Quos necessitatibus iste totam sint eum aut.\n\nReiciendis laboriosam occaecati rem in. Eos mollitia ea explicabo. Culpa suscipit dolores porro enim iste quidem voluptatem.', '2021-02-15 23:41:49', '2021-02-15 23:57:16'),
(74, 11, 'iste-quia-repellendus-vel-necessitatibus-qui', 'Iste quia repellendus vel necessitatibus qui.', 'Eum sit culpa eius aut omnis ut et ratione.', 'Eveniet soluta rerum amet nam. Ut enim nemo recusandae qui et. Aut odit aut et earum.\n\nRerum quisquam delectus qui sunt impedit. Aut illo repudiandae id iste aut. Quas aut aut sint sapiente totam qui. Enim eaque nihil illum molestiae ullam id.\n\nDoloribus molestiae labore hic. Iure nam nihil similique minima occaecati. Eveniet ut necessitatibus aut saepe.', '2021-02-15 23:41:50', '2021-02-15 23:57:16'),
(75, 11, 'molestias-excepturi-consequatur-non-cum-atque', 'Molestias excepturi consequatur non cum atque.', 'Ipsum nulla eum sunt et in iste ipsam.', 'Quam est accusamus ut. Odit at harum consequatur eveniet aliquid quia. Atque quae sed cum doloremque omnis numquam delectus.', '2021-02-15 23:41:51', '2021-02-15 23:57:16'),
(76, 11, 'perspiciatis-qui-dolor-reiciendis-perferendis', 'Perspiciatis qui dolor reiciendis perferendis.', 'Et voluptates inventore voluptate quia amet occaecati.', 'Rerum voluptates id dolorem corporis voluptatibus quo. Et esse veritatis aut voluptas et nisi explicabo. Mollitia rerum fugit et.\n\nQuis quos aut voluptate nulla omnis nostrum. Voluptatem est impedit est quo consequatur saepe quis. Alias deleniti doloremque amet illum.\n\nMollitia reprehenderit consequatur non ut deserunt consequatur. Reiciendis quasi dolorem libero. Similique voluptatem totam provident qui.', '2021-02-15 23:41:52', '2021-02-15 23:57:16'),
(77, 11, 'aliquid-vero-qui-eum-quisquam-deleniti-quas-corrupti', 'Aliquid vero qui eum quisquam deleniti quas corrupti.', 'Error a dolore quaerat nihil porro reprehenderit harum.', 'Deserunt ipsam officiis quaerat dolorem. Consequatur vitae tempore saepe delectus esse quibusdam totam. Explicabo assumenda sed est ut.', '2021-02-15 23:41:53', '2021-02-15 23:57:16'),
(78, 12, 'beatae-fugit-quasi-laudantium-eaque-corrupti', 'Beatae fugit quasi laudantium eaque corrupti.', 'Voluptatem veniam unde perferendis optio dolor consectetur optio soluta qui officiis.', 'Est quae molestias voluptatum tenetur enim possimus. Recusandae et sunt ex. Et qui quidem eveniet sit. Sit sed voluptatibus mollitia vel ex maxime asperiores ut.\n\nEa totam culpa et occaecati eum ipsum minima. Voluptas a maiores rerum nihil fugit autem earum. Et voluptates veritatis aliquam error aut voluptates.\n\nId molestias omnis assumenda sapiente. Et iste recusandae quo voluptatem ut. Et et quas est consectetur expedita debitis sequi et.', '2021-02-15 23:41:54', '2021-02-15 23:57:16'),
(79, 12, 'quo-rerum-ut-id-nam', 'Quo rerum ut id nam.', 'Quod officia velit aperiam consequatur consectetur dolorem.', 'Error beatae eos ducimus labore id. Ut soluta nulla ducimus et nam quos. Ut et in quia rerum autem. Cumque cupiditate quaerat pariatur rem non omnis debitis.\n\nUt ut eligendi necessitatibus facere in. Eligendi ut odio laudantium sunt reprehenderit autem. Aut totam mollitia reiciendis placeat.', '2021-02-15 23:41:55', '2021-02-15 23:57:16'),
(80, 12, 'cumque-dolor-impedit-facere-voluptates-non', 'Cumque dolor impedit facere voluptates non.', 'Aut temporibus omnis amet et error et id.', 'Sapiente distinctio nihil explicabo occaecati earum. Enim explicabo quasi vitae explicabo pariatur ut. Repudiandae eveniet maiores asperiores velit. Dolore voluptas temporibus provident tempore quibusdam.\n\nQuod deserunt eos quia qui et nihil. Dolor omnis deserunt labore eveniet. Nam voluptatem quidem sint dicta velit.\n\nQuasi facilis explicabo quos voluptate. Et labore voluptas magni corporis sint. Qui maiores consequatur voluptatem dolorem qui quis aut tenetur.', '2021-02-15 23:41:56', '2021-02-15 23:57:16'),
(81, 14, 'eum-sunt-sed-dolor-autem-accusamus-ullam-officiis-impedit', 'Eum sunt sed dolor autem accusamus ullam officiis impedit.', 'Quisquam rem doloremque et molestias molestias ut ullam et et quae laboriosam eaque.', 'Officiis occaecati aut illum et qui sit. Et laborum aspernatur et delectus tempore magnam quia. Sequi cupiditate neque nemo nihil dolor rerum praesentium. Eum atque laudantium ut et. Aut corporis et ratione rerum aliquid nam animi.', '2021-02-15 23:41:57', '2021-02-15 23:57:16'),
(82, 14, 'blanditiis-aut-adipisci-accusamus-consequatur', 'Blanditiis aut adipisci accusamus consequatur.', 'Qui officia cum soluta libero officiis natus provident et quia accusantium in.', 'Et libero sed reprehenderit cumque rerum ratione. Commodi perspiciatis quisquam placeat earum tempore nulla dolore qui. Ut voluptates quidem unde quia.', '2021-02-15 23:41:58', '2021-02-15 23:57:16'),
(83, 14, 'modi-quia-quisquam-qui-illum-non', 'Modi quia quisquam qui illum non.', 'Placeat quas officiis et sit fugit molestiae autem officiis dolore quod.', 'Inventore nihil libero quia rerum similique id et aut. Voluptas deleniti blanditiis aliquid. Ut debitis sed eum dolorem facilis. Voluptatem aut ipsa sit ratione modi magni tempora facilis. Perspiciatis non expedita veniam.\n\nCommodi maxime corrupti porro tempora. Dolor hic dolore qui sequi voluptatum magnam. In inventore modi nesciunt consectetur.', '2021-02-15 23:41:59', '2021-02-15 23:57:16'),
(84, 14, 'eum-exercitationem-autem-deleniti-sapiente', 'Eum exercitationem autem deleniti sapiente.', 'Qui ut nihil consequuntur illo quis reprehenderit est velit voluptate porro dolore.', 'Praesentium id vitae rerum ducimus a. Omnis ad accusamus et natus tempora ex velit. Voluptate possimus expedita consequatur consequatur. Commodi doloribus quibusdam temporibus qui repudiandae assumenda.', '2021-02-15 23:42:00', '2021-02-15 23:57:16'),
(85, 14, 'enim-architecto-voluptatem-ab-quisquam-ut', 'Enim architecto voluptatem ab quisquam ut.', 'Molestias totam provident ipsam officiis fugit eum provident fugit dolorem ea blanditiis consequatur.', 'Ratione corrupti sint vel dignissimos a. Suscipit saepe ut molestiae quam voluptatem.', '2021-02-15 23:42:01', '2021-02-15 23:57:16'),
(86, 14, 'tenetur-adipisci-libero-nam-accusantium-error-rerum', 'Tenetur adipisci libero nam accusantium error rerum.', 'Totam illum error libero enim nemo error et consequuntur laboriosam autem eius.', 'Fuga possimus excepturi autem sit ab dolore aut. Natus quidem illo vitae praesentium reiciendis dolorem nemo sed. Quas officiis optio ipsam.\n\nQui corporis ut quis suscipit enim qui et. In commodi assumenda eos enim est accusamus impedit. Ea doloribus explicabo corporis dolorem dolorem. Natus non quod aliquid.', '2021-02-15 23:42:02', '2021-02-15 23:57:16'),
(87, 14, 'quibusdam-accusantium-quibusdam-rerum-placeat-voluptatem-est-sed-necessitatibus', 'Quibusdam accusantium quibusdam rerum placeat voluptatem est sed necessitatibus.', 'Provident eos aut doloremque quas assumenda tempore ab eos quo natus.', 'Repellat nam ut quam odio. Quia est quis ea doloribus. Temporibus in saepe maiores cumque porro.\n\nEaque error cumque eligendi. Suscipit porro illum ut labore sapiente rerum et. Fuga quo unde voluptatem animi.', '2021-02-15 23:42:03', '2021-02-15 23:57:16'),
(88, 14, 'voluptatem-accusamus-labore-suscipit', 'Voluptatem accusamus labore suscipit.', 'Sit voluptatem fugiat qui aut voluptas nesciunt iste.', 'Officiis mollitia fugit sint exercitationem sunt et in placeat. At magni totam aliquam reprehenderit eaque placeat quia. Saepe maxime quia in vitae recusandae quis.', '2021-02-15 23:42:04', '2021-02-15 23:57:16'),
(89, 15, 'dolorem-ut-quisquam-velit', 'Dolorem ut quisquam velit.', 'Adipisci facere vero non voluptate quis non itaque maiores.', 'Dolorum nihil maiores consequuntur illo. Illum quidem ut est ea odio. Dolores voluptatem vitae sapiente aut distinctio consectetur dolores. Voluptatem ut omnis beatae expedita cum at neque. Voluptates quis aut autem aperiam assumenda ducimus rerum.\n\nDeserunt asperiores nihil earum eum illum. Omnis nam exercitationem harum necessitatibus. Magnam qui natus et consequatur quia consectetur. Dicta quod minus iusto maxime.', '2021-02-15 23:42:05', '2021-02-15 23:57:16'),
(90, 15, 'ea-sit-optio-sed-sed-expedita', 'Ea sit optio sed sed expedita.', 'Quam dolorem laborum sed amet vero consequuntur asperiores.', 'Nihil qui libero nisi. Ipsa officia quo recusandae vel vitae aut doloremque. Omnis voluptatum consequatur qui explicabo placeat et.\n\nEt occaecati omnis ipsam iste. Facilis eos magni atque aliquam doloribus. Consequatur sed laboriosam nulla voluptatem et. Reiciendis et illo ipsa debitis aliquid.\n\nRepellat et officiis nostrum blanditiis placeat soluta. Possimus consequatur aspernatur ipsa voluptatem adipisci qui consequatur eligendi. Dolor id amet vel non dolorum. Eum iusto ut consequatur.', '2021-02-15 23:42:06', '2021-02-15 23:57:16'),
(91, 15, 'earum-tempore-ea-maiores-est-doloremque-adipisci-excepturi-non', 'Earum tempore ea maiores est doloremque adipisci excepturi non.', 'Similique aut eum repudiandae quasi voluptas quo veritatis quo cupiditate culpa molestiae sunt ut.', 'Dolores illo iste repudiandae odio id. Adipisci magni pariatur exercitationem nemo. Illo numquam vero est eaque.\n\nAperiam magnam molestias et placeat aut eum tenetur autem. Quibusdam recusandae qui autem debitis dolorum eveniet. Dolorum atque aut libero esse voluptas.', '2021-02-15 23:42:07', '2021-02-15 23:57:16'),
(92, 15, 'enim-aut-magnam-non-reprehenderit-harum-cupiditate', 'Enim aut magnam non reprehenderit harum cupiditate.', 'Culpa rerum cupiditate eum aspernatur maiores eveniet sed aperiam.', 'Labore itaque et omnis facere ab assumenda vitae. Incidunt magnam consequatur quia veniam velit natus. Dicta officia eum voluptas quaerat enim ut. Aliquam ipsa totam accusantium magnam.\n\nSint et rerum harum iure aut culpa id. Unde alias illum id ut sunt. Odit eum aliquam possimus ut vitae. Alias architecto saepe quaerat quia tenetur officiis non corrupti. Aut non natus magnam vitae blanditiis sapiente rerum.', '2021-02-15 23:42:08', '2021-02-15 23:57:16'),
(93, 15, 'accusamus-et-tenetur-in', 'Accusamus et tenetur in.', 'Explicabo aut qui iure illo quia exercitationem.', 'Qui ipsam eaque aspernatur quas est mollitia consequatur. Qui dolores perspiciatis dolores dolorum neque. At modi et qui sed corporis sunt ex. In sunt mollitia laborum eos exercitationem. Eos et cum voluptas nihil modi quo.\n\nNon temporibus itaque fugiat. Doloribus impedit blanditiis est omnis. Et itaque et temporibus id quasi autem adipisci.\n\nAccusantium explicabo et voluptatem. Et modi architecto consequatur et voluptatem iusto qui nihil. Perferendis est rerum dolor rem.', '2021-02-15 23:42:09', '2021-02-15 23:57:16'),
(94, 15, 'quaerat-qui-officiis-aperiam-sed-cum-voluptatem-totam-modi', 'Quaerat qui officiis aperiam sed cum voluptatem totam modi.', 'Ex magnam ut et aut ut ea mollitia distinctio ipsum praesentium qui provident sit.', 'Eaque alias voluptates laboriosam repellat perferendis aliquid veritatis nulla. Aut omnis voluptas numquam mollitia iusto accusamus molestiae totam.\n\nAperiam et non molestiae minima. Eum expedita quibusdam possimus voluptatem et velit perferendis error. Harum dignissimos saepe omnis est in.', '2021-02-15 23:42:10', '2021-02-15 23:57:16'),
(95, 15, 'vel-autem-quia-nemo', 'Vel autem quia nemo.', 'Reiciendis rerum in laborum velit veniam veniam voluptates accusamus itaque.', 'Et natus iure ad voluptas. Porro officiis porro ut et iste temporibus sed. Voluptas iusto est eligendi officiis voluptatem fuga temporibus quibusdam. Est occaecati ut exercitationem nisi.\n\nHic quaerat magni consequatur numquam incidunt. Cupiditate non nihil quisquam maiores minima et. Eligendi enim ipsam ipsum architecto iste modi ut. Aut commodi quia aut et earum.\n\nDoloribus accusantium dolor eveniet qui qui. Voluptatem doloribus dicta aut itaque distinctio rem. Vel aut et consequatur aut debitis. A quo impedit iste accusamus reprehenderit cumque reprehenderit vero.', '2021-02-15 23:42:11', '2021-02-15 23:57:16'),
(96, 15, 'in-amet-sapiente-veniam-consectetur-et', 'In amet sapiente veniam consectetur et.', 'Neque nihil numquam mollitia voluptatibus accusantium corporis possimus dolorem qui quis.', 'Ipsum vel impedit hic atque qui aut sit. Nobis id labore aut quo possimus et. Culpa quis doloribus provident ut omnis.\n\nEveniet nemo voluptatem sequi facere eligendi dolorum. Consectetur consectetur minima rem dolore repellendus.', '2021-02-15 23:42:12', '2021-02-15 23:57:16'),
(97, 15, 'asperiores-velit-dolorem-repudiandae-perferendis', 'Asperiores velit dolorem repudiandae perferendis.', 'Nobis enim blanditiis ea et autem itaque.', 'Et voluptatem ipsum quibusdam voluptas est et. Id ut qui occaecati voluptatem enim. Deserunt aliquid porro perspiciatis non. Ut consequatur est ea sit voluptas beatae.\n\nDoloribus minima voluptatem officiis soluta qui quasi perferendis. Nulla et sit dolorem ab nihil consequatur omnis. Quod incidunt fuga aspernatur. Blanditiis asperiores at omnis enim ducimus.\n\nEt dolore minima velit molestias sit. Est perferendis fuga tempore sit qui natus modi.', '2021-02-15 23:42:13', '2021-02-15 23:57:16'),
(98, 15, 'voluptatem-voluptatibus-ut-dicta-minus-quae-autem', 'Voluptatem voluptatibus ut dicta minus quae autem.', 'Ipsum ullam ut ad voluptatem et repudiandae nam quia hic aspernatur.', 'Impedit ea doloremque laboriosam. Earum nulla aspernatur alias unde. Omnis omnis laudantium non aliquid beatae.\n\nVoluptas est iusto voluptas aut nam et. Laboriosam quis et alias qui. Beatae sed quas doloribus quia assumenda. Laborum est dolorem amet possimus sit recusandae est.', '2021-02-15 23:42:14', '2021-02-15 23:57:16'),
(99, 17, 'illum-a-voluptatum-quis-libero-quis', 'Illum a voluptatum quis libero quis.', 'Nihil molestiae magnam aliquam est consequuntur et quis molestiae omnis id rerum quo accusamus.', 'Nulla mollitia dolor non magnam. Eius sed voluptates nemo autem harum amet. Quae animi quia repudiandae.\n\nAut blanditiis officia veniam voluptates alias sunt ad. Qui maiores nihil ut pariatur id aut quaerat. Et perspiciatis qui nobis maiores. Et eligendi dolores numquam in.', '2021-02-15 23:42:16', '2021-02-15 23:57:17'),
(100, 17, 'rem-aliquid-id-ipsa-eos', 'Rem aliquid id ipsa eos.', 'Dolore molestias repellendus pariatur perspiciatis blanditiis corrupti aut voluptatem non ab autem.', 'Quia occaecati aliquam et nobis. Laborum veritatis vel quas tenetur nostrum. Fugiat soluta tempora excepturi deserunt.', '2021-02-15 23:42:17', '2021-02-15 23:57:17'),
(101, 17, 'quaerat-eveniet-illum-quod-et-sed', 'Quaerat eveniet illum quod et sed.', 'Suscipit omnis illum quos asperiores saepe possimus nostrum animi rem rerum ad molestiae.', 'Quis temporibus dicta id dolores. Maxime officia et numquam aperiam. Iure dolorem quo ut eveniet quae temporibus tempore.', '2021-02-15 23:42:18', '2021-02-15 23:57:17'),
(102, 17, 'culpa-accusantium-cumque-aspernatur-sit-labore', 'Culpa accusantium cumque aspernatur sit labore.', 'Aut autem consequatur aut dolores nisi mollitia deleniti doloribus aut est deleniti sed iusto.', 'Omnis recusandae deleniti tempora accusantium sint debitis velit. Quidem mollitia voluptates ratione. Quo voluptatum aliquam similique molestiae voluptas sed itaque.', '2021-02-15 23:42:19', '2021-02-15 23:57:17'),
(103, 17, 'vero-est-voluptatibus-veritatis-aut-in-nam-eveniet', 'Vero est voluptatibus veritatis aut in nam eveniet.', 'Officiis perferendis et qui et excepturi rerum sit ut necessitatibus.', 'Impedit harum ut sunt qui. Autem autem mollitia repudiandae ea quia. Velit blanditiis nihil in eum eum. Sed harum odit odit est est rem.', '2021-02-15 23:42:20', '2021-02-15 23:57:17'),
(104, 17, 'illum-eaque-qui-atque-magnam-veniam-aperiam-commodi', 'Illum eaque qui atque magnam veniam aperiam commodi.', 'Et commodi numquam modi iste non eum itaque vel animi molestias cupiditate dolor.', 'Harum ut iure dicta doloribus. Praesentium at impedit sit ducimus aperiam assumenda ut odit. Qui vitae veritatis in libero quis voluptatibus minima. Veniam ut dolor distinctio.\n\nNostrum saepe sit cumque voluptates. Maiores est quis quia distinctio quos nulla sequi. Labore consequatur ab aliquid fuga adipisci.\n\nSed veritatis fugit et rem quasi veniam doloribus. Consectetur a perspiciatis alias soluta sequi dolores.', '2021-02-15 23:42:21', '2021-02-15 23:57:17'),
(105, 17, 'quis-et-accusantium-expedita-ipsum', 'Quis et accusantium expedita ipsum.', 'Ut eos qui fugit aut sint necessitatibus debitis dolores eum nam debitis excepturi.', 'Ipsum modi est qui fugit quam accusantium enim. Aliquam ipsam consequatur sit incidunt esse quia odit. Libero facilis eos commodi distinctio. Voluptatem dolor et vero autem.\n\nEius voluptate et non architecto. Consequuntur voluptatem et assumenda repellat libero quae. Iusto atque saepe explicabo eos.', '2021-02-15 23:42:22', '2021-02-15 23:57:17'),
(106, 17, 'aspernatur-labore-quia-consequatur', 'Aspernatur labore quia consequatur.', 'Iusto voluptas officiis corporis voluptas similique tenetur odio.', 'Ut laboriosam aut fugit vel quos totam voluptatibus. In fugit ut minus cum vel ut et. In nisi sed enim voluptatem in molestiae ut. Perspiciatis est nulla pariatur tenetur minus itaque.', '2021-02-15 23:42:23', '2021-02-15 23:57:17'),
(107, 17, 'repudiandae-commodi-voluptate-et-unde-eum-unde', 'Repudiandae commodi voluptate et unde eum unde.', 'Ea beatae tempora et odit illo necessitatibus et reiciendis corporis iste occaecati non debitis numquam.', 'Dignissimos dolore ut perferendis quo placeat. Sapiente molestias qui sint illum veniam incidunt. Dolorem minima nulla distinctio veritatis distinctio. Accusantium consectetur veniam sunt.\n\nLaborum et consequatur et eligendi maxime. Ipsum non ipsum omnis ut a error praesentium magnam. Excepturi laborum asperiores quidem exercitationem quae recusandae temporibus.\n\nAut consectetur qui est dicta. Enim impedit necessitatibus suscipit qui quaerat. Provident aut veniam soluta eligendi harum eos nihil. Aut tenetur qui ut quae consequatur. Pariatur nemo ab blanditiis possimus deleniti voluptas ut officia.', '2021-02-15 23:42:24', '2021-02-15 23:57:17'),
(108, 17, 'voluptas-at-aut-ex-asperiores-non-qui', 'Voluptas at aut ex asperiores non qui.', 'Et dicta molestias assumenda suscipit quibusdam aspernatur dolorem corporis mollitia expedita numquam optio assumenda.', 'Rerum cumque est neque rerum voluptatibus qui. Enim quidem vitae eius. Accusamus quidem et eius nesciunt deleniti accusamus.', '2021-02-15 23:42:25', '2021-02-15 23:57:17'),
(109, 17, 'voluptates-et-nam-et-harum-voluptate', 'Voluptates et nam et harum voluptate.', 'Nisi quia veniam quibusdam voluptas ipsam deleniti voluptatem accusamus quisquam accusantium laborum dolorem nihil.', 'Non omnis nesciunt ex omnis. Aut modi sint amet et iure illo neque. Atque autem eius quos. Sed hic ut dolor minus eum quo sed vitae.\n\nAccusantium qui asperiores reprehenderit quas et dignissimos. Dolores nihil alias sit labore aut aut. Similique accusantium similique quas labore numquam et. At voluptatem consectetur quos eaque earum.', '2021-02-15 23:42:26', '2021-02-15 23:57:17'),
(110, 17, 'quisquam-omnis-repellendus-esse-facere-harum-doloremque-omnis', 'Quisquam omnis repellendus esse facere harum doloremque omnis.', 'Iure placeat deleniti voluptatum labore voluptas sapiente.', 'Ullam quidem aut voluptates nihil qui est et. Corrupti iste eveniet sunt inventore doloremque. Ea nostrum officiis ipsam aut accusamus voluptatum.', '2021-02-15 23:42:27', '2021-02-15 23:57:17'),
(111, 20, 'sed-voluptas-et-enim-doloribus-excepturi-cumque', 'Sed voluptas et enim doloribus excepturi cumque.', 'Hic molestiae delectus fugit dolore cum fugit.', 'Dolor quam et labore perferendis. Magnam eligendi rerum amet pariatur.', '2021-02-15 23:42:28', '2021-02-15 23:57:17'),
(112, 21, 'eum-inventore-quisquam-provident-aliquid', 'Eum inventore quisquam provident aliquid.', 'Et nisi reprehenderit dolor ut ut id quo iusto nulla velit magnam quia labore.', 'Quam omnis rerum reprehenderit debitis aut. At reprehenderit totam porro consectetur maxime doloremque. Aut quisquam in expedita consequatur. Illum ipsum perspiciatis ut ex.\n\nAb reiciendis est repellendus necessitatibus est fugit. Quos omnis dolorem suscipit vel. Et fuga fugiat id optio.\n\nIn id nihil rem nam culpa. Porro consequatur inventore ipsa. Autem incidunt non excepturi quisquam dolores.', '2021-02-15 23:42:29', '2021-02-15 23:57:17');
INSERT INTO `articles` (`id`, `user_id`, `slug`, `title`, `description`, `body`, `created_at`, `updated_at`) VALUES
(113, 21, 'in-quam-possimus-et-ut-unde', 'In quam possimus et ut unde.', 'Suscipit explicabo voluptatem sunt est tenetur illo.', 'Expedita facere eum sint repellat. Occaecati ut est sint quia officiis et. In sunt vitae sint quia at repellendus.\n\nDelectus accusantium praesentium facere odit corrupti. Voluptas neque ea voluptatem perspiciatis molestias cumque. Consequatur dolore nihil voluptatem aut magni error eum. Repudiandae illum autem aut minus doloremque.\n\nEa blanditiis eveniet id. Ut pariatur cumque hic tempora asperiores. Nobis quasi nostrum veritatis suscipit quod voluptas ipsam.', '2021-02-15 23:42:30', '2021-02-15 23:57:17'),
(114, 21, 'aut-animi-quia-quod-explicabo', 'Aut animi quia quod explicabo.', 'Voluptates ut quis soluta molestiae eos placeat provident totam.', 'Numquam qui esse consectetur inventore temporibus beatae quisquam. Dolores doloribus consequatur maiores excepturi. Consectetur vitae non quidem est cum consequuntur error.', '2021-02-15 23:42:31', '2021-02-15 23:57:17'),
(115, 21, 'non-qui-incidunt-ipsa-quae-omnis-rerum', 'Non qui incidunt ipsa quae omnis rerum.', 'Animi provident optio sed assumenda quam iste et asperiores sint.', 'Adipisci rem expedita laborum iure nihil. Praesentium cumque et est eum consequatur perferendis. Dolorum ut accusantium molestiae ipsum in.\n\nSint dolorem distinctio laboriosam fugit. Enim cupiditate saepe qui tenetur sit deserunt labore. Et commodi aut error quibusdam minima adipisci.', '2021-02-15 23:42:32', '2021-02-15 23:57:17'),
(116, 21, 'rerum-necessitatibus-et-labore-et-aut-laboriosam', 'Rerum necessitatibus et labore et aut laboriosam.', 'Est quia consequatur minima omnis possimus ut at explicabo reiciendis est.', 'Ipsum quasi dicta est repellat nesciunt natus. Quaerat dignissimos nam ipsum ut doloremque adipisci velit animi. In excepturi sint est qui facilis labore dignissimos.', '2021-02-15 23:42:33', '2021-02-15 23:57:17'),
(117, 21, 'quas-minus-qui-qui-aut-dolor', 'Quas minus qui qui aut dolor.', 'Nemo est mollitia iure quis id animi voluptatem aut soluta.', 'Ratione asperiores dolore dignissimos iure molestiae tenetur totam provident. Est doloremque quia quia animi non dolore modi laudantium. Exercitationem temporibus doloremque ex. Eos placeat similique eum ipsa consectetur qui.', '2021-02-15 23:42:34', '2021-02-15 23:57:17'),
(118, 21, 'eligendi-mollitia-aliquam-in-accusantium-sed', 'Eligendi mollitia aliquam in accusantium sed.', 'Voluptatum non illo magni quia molestias possimus.', 'Ea omnis enim similique est explicabo quasi cumque velit. Delectus omnis id itaque cumque. Laudantium magni assumenda recusandae quo. Harum quia quos hic et animi odio eius.', '2021-02-15 23:42:35', '2021-02-15 23:57:17'),
(119, 21, 'ut-porro-laboriosam-rerum-dolores-ad-voluptatem', 'Ut porro laboriosam rerum dolores ad voluptatem.', 'Sequi eaque sit error qui odio non totam.', 'Voluptatum optio aut voluptatem nihil at perspiciatis perspiciatis. Nam et totam labore minus mollitia fugit inventore voluptatum. Cumque rerum officiis autem sequi sed doloribus. Aut rerum nobis culpa tenetur quidem cumque.\n\nSimilique odio amet dolorem sint nihil provident atque. Laudantium repellat dolorem molestias et dolores. Natus non quisquam reprehenderit nihil rem.', '2021-02-15 23:42:36', '2021-02-15 23:57:17'),
(120, 21, 'dicta-reprehenderit-voluptatem-enim-sequi-iusto-voluptas', 'Dicta reprehenderit voluptatem enim sequi iusto voluptas.', 'Rerum molestiae amet soluta nisi debitis voluptatem et suscipit officiis ad.', 'Ipsam itaque et ut assumenda et atque. Voluptatem sed eveniet quidem officiis ipsa qui esse. Culpa accusamus ut molestiae et est possimus rerum. Dolorum rerum sint corporis quidem. Natus perspiciatis placeat delectus accusamus.\n\nOfficiis ut praesentium sed et qui. Qui voluptas cumque accusamus in. Possimus dolor aut ipsa et odit et a.\n\nBeatae accusantium et laboriosam nulla. Perspiciatis cum voluptatibus molestiae odio illo fugit expedita. Nihil harum voluptas dolorem ad praesentium quo. Corporis aut ut eum incidunt sint suscipit. Sit numquam quas ea error aliquid rerum reprehenderit.', '2021-02-15 23:42:37', '2021-02-15 23:57:17'),
(121, 21, 'praesentium-sapiente-nobis-optio-harum-in-tempore-sint-velit', 'Praesentium sapiente nobis optio harum in tempore sint velit.', 'Inventore expedita harum iure sit esse quam sint delectus et sequi dolorem.', 'Corporis reprehenderit et illum alias. Laudantium debitis est dolores rerum qui sit aspernatur. Quos sapiente corrupti mollitia assumenda quia ut dignissimos dolores. Voluptatum tenetur velit sit quasi assumenda doloremque cum.\n\nEt accusantium quia incidunt quia illum nam. Architecto eaque non ut quasi dolores praesentium. Quod ab in repudiandae quis officiis temporibus. Suscipit quidem nesciunt fugit sint.', '2021-02-15 23:42:38', '2021-02-15 23:57:17'),
(122, 21, 'dicta-assumenda-soluta-eum-nihil', 'Dicta assumenda soluta eum nihil.', 'Deleniti est ullam sequi fugiat quaerat earum in consectetur delectus tenetur possimus et.', 'Alias dolor mollitia rem iusto non. Molestias doloribus repellendus voluptate vel a. Rem est eum deserunt sit et vel dolorem.', '2021-02-15 23:42:39', '2021-02-15 23:57:17'),
(123, 21, 'omnis-facere-debitis-vero-accusantium-et-atque-facere', 'Omnis facere debitis vero accusantium et atque facere.', 'Qui sed nam est error officiis sapiente laboriosam pariatur sint dolorum aut aut voluptatem.', 'Impedit accusamus minus quas quia natus. Voluptatem cupiditate qui autem qui dolor totam pariatur. Voluptate tempora consequuntur totam est eius. Corrupti accusantium quisquam vitae nostrum.\n\nFugit quis est cum fugiat vitae dolore quibusdam. Officiis vitae officia aspernatur et ducimus ab. Dolorum voluptas error aut at cumque earum.\n\nQuis eius ut ut animi voluptatem laborum. Temporibus impedit molestias ipsum velit consequatur harum. Perspiciatis velit modi unde laborum nihil.', '2021-02-15 23:42:40', '2021-02-15 23:57:17'),
(124, 21, 'voluptatem-id-mollitia-mollitia-quis', 'Voluptatem id mollitia mollitia quis.', 'Itaque numquam nobis est dolor illo tempore numquam.', 'Quis minima asperiores eos. Non quas placeat iure maxime aliquam quia dolores. Fugit eos dolores aspernatur.\n\nLabore repellendus eveniet labore qui non aut harum. Doloribus et velit hic dolores eos enim. Quisquam quos ut numquam recusandae totam accusantium ad.', '2021-02-15 23:42:41', '2021-02-15 23:57:17'),
(125, 21, 'minima-harum-dolor-iure', 'Minima harum dolor iure.', 'Saepe atque adipisci voluptatum ut amet omnis unde.', 'Qui non illo ea sequi. Consequuntur quasi nostrum ab sed perferendis quis numquam deleniti. Rerum veniam deserunt quas quae veniam sed.\n\nMaxime quia natus amet ut labore ratione. Dolor eos qui in vitae corporis totam dolorem. Est ratione quis rerum mollitia. Deserunt eum aut quia quisquam neque libero voluptatem. Neque corrupti ut libero minima occaecati praesentium commodi.\n\nSunt praesentium eos in perspiciatis dolore vel. Enim libero sint et adipisci et quia.', '2021-02-15 23:42:42', '2021-02-15 23:57:17'),
(126, 22, 'delectus-alias-temporibus-aut-molestiae-consectetur', 'Delectus alias temporibus aut molestiae consectetur.', 'Voluptatem laboriosam placeat officia necessitatibus omnis suscipit atque.', 'Dolorum sunt dolor et similique facilis. Eos dignissimos eos rerum aut sunt sit eius.\n\nInventore perspiciatis enim recusandae aut odit hic. Earum esse molestias reiciendis. Fugit fugit ut excepturi quia deserunt.', '2021-02-15 23:42:43', '2021-02-15 23:57:17'),
(127, 22, 'et-iusto-temporibus-esse-quis', 'Et iusto temporibus esse quis.', 'Nemo similique quisquam enim est incidunt minus.', 'Explicabo dolore in a quia. Minima ratione quas nostrum ut reiciendis non. Provident sapiente blanditiis vel ipsum temporibus fugiat. Repellendus in quam quia ab fugit optio.\n\nAccusamus omnis ratione exercitationem eos molestiae laudantium. Qui architecto iste error velit unde eligendi id. Nihil suscipit sequi harum quo error. Debitis culpa illum illo quod.', '2021-02-15 23:42:44', '2021-02-15 23:57:17'),
(128, 22, 'est-qui-eaque-et-quas-recusandae-quos-consequatur-consectetur', 'Est qui eaque et quas recusandae quos consequatur consectetur.', 'Quod velit sit ipsam tempora molestiae mollitia adipisci at.', 'Et nulla eum perspiciatis dolorem ut aspernatur. Consequatur exercitationem accusamus veniam repellendus. Vel architecto veritatis eum sed. Dolores iusto quia molestiae possimus.\n\nRerum exercitationem qui quo sed rerum dolore. Ipsam soluta quis et ducimus dolore. Et hic illo velit aut laboriosam itaque. Velit consequatur quos ut nulla. Omnis dolores ex modi cum.\n\nRepellendus quia blanditiis debitis commodi ea ut ipsum nemo. Enim exercitationem quae maiores id voluptatem ab nam. Placeat dolorem quis voluptatum recusandae placeat. Fugit itaque amet natus ea dolores ut architecto.', '2021-02-15 23:42:45', '2021-02-15 23:57:17'),
(129, 23, 'non-distinctio-dignissimos-quod-impedit-nulla-natus', 'Non distinctio dignissimos quod impedit nulla natus.', 'Sit quia quaerat ipsa vel error aut vel nulla officiis.', 'Et velit dolor velit et qui tenetur dolorum. Praesentium et quis id natus dolores. Voluptas architecto debitis rem provident consectetur deleniti expedita. Ab qui occaecati accusamus veritatis nihil rerum et.', '2021-02-15 23:42:46', '2021-02-15 23:57:17'),
(131, 23, 'aut-autem-possimus-consequatur-cupiditate-quasi-autem-excepturi-sint', 'Aut autem possimus consequatur cupiditate quasi autem excepturi sint.', 'Est aut explicabo iste libero quibusdam nesciunt iste.', 'Sit tenetur est optio laboriosam odio saepe. Sit et id quos eum iure. Quia consectetur ut odit sit quam sequi.\n\nNemo ea sit laudantium vel. Est architecto dolores non mollitia. Dolores esse aut eius quas fuga quis aut eos.\n\nConsequatur voluptatibus rerum aut rerum distinctio. Quia tempore quos numquam rerum nobis praesentium maiores.', '2021-02-15 23:42:48', '2021-02-15 23:57:17'),
(133, 24, 'est-similique-in-doloremque-ducimus-recusandae', 'Est similique in doloremque ducimus recusandae.', 'Nihil sit nihil culpa soluta ea debitis ut.', 'Eaque odit voluptatibus ipsa id qui. Ipsum aut rerum inventore expedita dolorum dicta. Repellat similique quasi quia aliquam modi placeat.', '2021-02-15 23:42:50', '2021-02-15 23:57:17'),
(134, 24, 'quae-dolor-aut-quibusdam-quo-pariatur', 'Quae dolor aut quibusdam quo pariatur.', 'Accusantium provident dignissimos ratione tempore at consequatur fugiat repudiandae.', 'Aut est ut repellendus saepe reprehenderit. Voluptatem ullam sed iure error atque odio nihil.', '2021-02-15 23:42:51', '2021-02-15 23:57:17'),
(135, 24, 'enim-optio-itaque-voluptas-rerum-aliquid-nihil-a', 'Enim optio itaque voluptas rerum aliquid nihil a.', 'Quaerat sit aut sit eaque natus voluptatum est cumque dolorem qui quam eveniet.', 'Nihil amet eveniet mollitia harum. Velit autem delectus quas perferendis culpa earum cupiditate.\n\nQui qui voluptatum iusto. Qui nisi sed non voluptates id voluptas est. Aliquam temporibus qui tenetur et. Accusamus et soluta et aliquid dolorum maiores. Repellat et consequatur eveniet quisquam illo.', '2021-02-15 23:42:52', '2021-02-15 23:57:17'),
(136, 24, 'id-facilis-optio-velit-molestiae-hic-laudantium-officiis', 'Id facilis optio velit molestiae hic laudantium officiis.', 'Veniam dicta velit vel qui alias dolorum.', 'Qui aliquid quae nobis et mollitia illum quis. Beatae qui et ipsam esse tempora est. Ipsum error ut quod expedita.\n\nSit ut aut occaecati mollitia velit aliquid ut natus. Molestias voluptas quis quo numquam officiis beatae. Qui inventore debitis aliquid minima vero nemo. Eveniet perferendis esse maiores accusantium.', '2021-02-15 23:42:53', '2021-02-15 23:57:17'),
(137, 24, 'quo-sequi-voluptatum-perspiciatis-unde-optio-dolores', 'Quo sequi voluptatum perspiciatis unde optio dolores.', 'Cumque blanditiis inventore voluptatibus voluptatibus reprehenderit natus est consequuntur omnis.', 'Omnis et consequatur ipsam iusto labore quam. Iste pariatur soluta quod quas veniam. Aut qui ex sint quibusdam atque enim porro.', '2021-02-15 23:42:54', '2021-02-15 23:57:17'),
(138, 24, 'aut-ut-porro-suscipit-libero-ipsum-quia', 'Aut ut porro suscipit libero ipsum quia.', 'Ratione beatae cumque et voluptatum quam omnis rem sit deleniti architecto.', 'Tenetur blanditiis totam tempora et sint velit. Consequatur autem rerum expedita nesciunt dicta similique velit. Voluptatem in pariatur exercitationem fugiat quos eos.\n\nDeleniti iusto qui magnam. Illum alias voluptas quisquam. Aperiam impedit sint officia dolores numquam ut reiciendis.', '2021-02-15 23:42:55', '2021-02-15 23:57:17'),
(139, 24, 'nihil-iste-perferendis-nostrum-aut-nihil-tempore-id', 'Nihil iste perferendis nostrum aut nihil tempore id.', 'Et dicta aut veniam voluptatum repellat dignissimos labore adipisci officia et voluptatem labore sint.', 'Voluptatem qui et itaque veritatis qui qui quos non. Odio aspernatur est corrupti delectus. Nihil eum deleniti pariatur minus ea fugit ut. Velit est commodi quisquam ipsum reprehenderit exercitationem.\n\nDeleniti facere amet necessitatibus nostrum quia neque nulla. Voluptas itaque modi asperiores dolores et eligendi inventore aut. Reprehenderit aut dignissimos ratione fugiat est. Quas dolores molestiae qui.\n\nVoluptate amet quo dolore veritatis vero velit. Perspiciatis dicta rerum sed et quasi voluptatem. Ipsa fugit nostrum officia aut quia. Ipsa ex doloribus distinctio quia qui et.', '2021-02-15 23:42:56', '2021-02-15 23:57:17'),
(140, 24, 'odit-aut-quaerat-autem-nihil-error-maiores-earum', 'Odit aut quaerat autem nihil error maiores earum.', 'Quis quia sit vitae labore iusto deserunt ex quis sint numquam nihil reprehenderit.', 'Beatae rerum illo ut quibusdam cum eveniet. Qui quae quae deserunt nihil.\n\nError error quam exercitationem similique. Eveniet non laborum placeat nostrum voluptates qui. Nesciunt beatae tenetur ducimus non porro vel. Deleniti eos dolorum quis.\n\nOmnis consectetur corrupti et non qui. Voluptas sed nulla similique velit rem sit velit recusandae. Corporis earum dolor deserunt voluptatum dolor in. Totam beatae possimus quo nam temporibus amet. Natus modi consequatur esse perferendis accusamus totam.', '2021-02-15 23:42:57', '2021-02-15 23:57:17'),
(141, 25, 'ut-quia-rerum-quisquam-qui', 'Ut quia rerum quisquam qui.', 'Odio eos eligendi aut ut rem nobis explicabo omnis atque qui error fugiat aut.', 'Vel assumenda eos cumque voluptas nisi nobis sit. Neque reiciendis aperiam dolorem et temporibus inventore. Totam nobis eius sed illum sapiente at. Minus eum adipisci velit nam.\n\nSequi sit velit ipsum veritatis voluptates. Placeat illum et rerum dolores ut minus. Dolor nesciunt mollitia et. Ut rerum recusandae esse et et magni.\n\nQuasi et illum inventore. Corrupti fuga officia beatae molestias molestiae quo.', '2021-02-15 23:42:59', '2021-02-15 23:57:18'),
(142, 25, 'consequatur-velit-eos-voluptates-voluptatum-officia', 'Consequatur velit eos voluptates voluptatum officia.', 'Minus explicabo necessitatibus et quo omnis ea porro iste qui aut.', 'Ratione distinctio aut eius cum. Iste rerum molestias harum reprehenderit ut commodi. Quisquam eius odit repellendus velit. Eaque magnam aut ducimus aut quia.', '2021-02-15 23:43:00', '2021-02-15 23:57:18'),
(143, 25, 'fuga-aspernatur-ut-et-perferendis', 'Fuga aspernatur ut et perferendis.', 'Nulla a repudiandae alias delectus cum omnis.', 'Ipsam rerum aliquid velit qui qui voluptatum unde. Nihil reprehenderit sit perspiciatis dolores voluptas fugiat maxime perferendis. Natus dolore facilis qui in quae natus. Omnis voluptas aut eum.\n\nAutem perspiciatis ut sapiente. In voluptates doloremque velit facilis iste quam rerum. Necessitatibus deserunt inventore sint ipsa et repellendus. Rerum repellendus beatae in accusamus debitis.', '2021-02-15 23:43:01', '2021-02-15 23:57:18'),
(144, 4, 'did-you-train-your-dragon', 'Did you train your dragon?', 'Ever wonder how?', 'You have to believe', '2021-02-16 19:19:10', '2021-02-16 19:35:49'),
(149, 3, 'cobain-aja', 'Cobain aja', 'Coba lah', 'isi', '2021-02-16 23:35:47', '2021-02-16 23:36:35'),
(150, 3, 'coba-kali-ya', 'coba kali ya', 'Coba lah', 'hehe', '2021-02-17 02:13:45', '2021-02-17 18:43:24'),
(151, 3, 'euy', 'euy', 'oh', 'hehe', '2021-02-17 18:46:50', '2021-02-17 21:26:39'),
(152, 3, 'eror-ni-ga-1', 'eror ni ga', 'sabi kali ye', 'iya belom', '2021-02-17 18:48:13', '2021-02-20 08:15:47'),
(155, 3, 'ahahaha-bisa', 'ahahaha bisa', 'sabi kali ye', 'aman', '2021-02-20 08:17:01', '2021-02-20 08:17:01');

-- --------------------------------------------------------

--
-- Struktur dari tabel `article_status`
--

CREATE TABLE `article_status` (
  `article_id` int(10) UNSIGNED NOT NULL,
  `status_id` int(10) UNSIGNED NOT NULL
) ENGINE=InnoDB DEFAULT CHARSET=utf8mb4 COLLATE=utf8mb4_unicode_ci;

-- --------------------------------------------------------

--
-- Struktur dari tabel `article_tag`
--

CREATE TABLE `article_tag` (
  `article_id` int(10) UNSIGNED NOT NULL,
  `tag_id` int(10) UNSIGNED NOT NULL
) ENGINE=InnoDB DEFAULT CHARSET=utf8mb4 COLLATE=utf8mb4_unicode_ci;

--
-- Dumping data untuk tabel `article_tag`
--

INSERT INTO `article_tag` (`article_id`, `tag_id`) VALUES
(17, 5),
(18, 4),
(19, 3),
(19, 5),
(20, 6),
(21, 2),
(21, 3),
(21, 4),
(22, 4),
(22, 7),
(22, 8),
(23, 3),
(23, 5),
(23, 6),
(24, 5),
(25, 3),
(26, 9),
(27, 3),
(27, 8),
(27, 10),
(28, 6),
(29, 6),
(30, 3),
(30, 6),
(31, 1),
(31, 4),
(32, 8),
(33, 2),
(33, 4),
(34, 3),
(34, 10),
(35, 1),
(36, 3),
(36, 7),
(37, 8),
(38, 4),
(39, 6),
(40, 4),
(41, 1),
(41, 8),
(42, 3),
(42, 10),
(43, 2),
(43, 3),
(43, 5),
(44, 1),
(44, 2),
(44, 10),
(45, 3),
(46, 7),
(46, 8),
(47, 5),
(47, 8),
(48, 4),
(48, 5),
(48, 7),
(49, 1),
(49, 8),
(49, 10),
(50, 1),
(50, 2),
(50, 4),
(51, 4),
(51, 9),
(52, 8),
(52, 9),
(53, 5),
(53, 7),
(53, 9),
(54, 4),
(55, 4),
(55, 5),
(56, 2),
(56, 7),
(56, 9),
(57, 1),
(57, 6),
(57, 8),
(58, 2),
(58, 3),
(58, 4),
(59, 9),
(60, 1),
(60, 5),
(60, 6),
(61, 4),
(61, 10),
(62, 5),
(63, 2),
(63, 3),
(63, 9),
(64, 8),
(65, 4),
(65, 8),
(65, 10),
(66, 1),
(66, 3),
(66, 9),
(67, 8),
(68, 10),
(69, 1),
(69, 4),
(69, 7),
(70, 5),
(70, 8),
(71, 1),
(71, 8),
(71, 9),
(72, 4),
(72, 5),
(72, 10),
(73, 7),
(74, 3),
(75, 4),
(75, 5),
(76, 3),
(76, 4),
(76, 6),
(77, 6),
(77, 7),
(77, 9),
(78, 6),
(78, 8),
(79, 4),
(80, 1),
(81, 2),
(81, 8),
(82, 1),
(82, 3),
(82, 9),
(83, 5),
(84, 1),
(84, 3),
(84, 7),
(85, 8),
(86, 5),
(86, 6),
(86, 7),
(87, 5),
(87, 10),
(88, 7),
(89, 5),
(89, 8),
(89, 10),
(90, 4),
(90, 6),
(91, 3),
(91, 5),
(92, 10),
(93, 3),
(93, 9),
(94, 5),
(95, 4),
(95, 5),
(95, 7),
(96, 8),
(96, 9),
(97, 1),
(97, 6),
(98, 1),
(98, 4),
(98, 6),
(99, 2),
(99, 5),
(99, 9),
(100, 1),
(100, 5),
(101, 1),
(101, 2),
(101, 4),
(102, 3),
(102, 4),
(103, 4),
(104, 6),
(105, 4),
(105, 9),
(105, 10),
(106, 1),
(107, 3),
(107, 9),
(108, 9),
(108, 10),
(109, 2),
(109, 4),
(109, 9),
(110, 2),
(111, 2),
(112, 2),
(113, 9),
(114, 5),
(114, 9),
(114, 10),
(115, 2),
(115, 4),
(115, 5),
(116, 1),
(116, 5),
(116, 9),
(117, 2),
(117, 6),
(117, 9),
(118, 4),
(119, 5),
(120, 3),
(120, 8),
(120, 9),
(121, 1),
(121, 2),
(122, 2),
(122, 6),
(123, 2),
(123, 6),
(123, 10),
(124, 4),
(125, 2),
(125, 3),
(126, 5),
(126, 9),
(127, 2),
(127, 7),
(128, 1),
(128, 2),
(128, 9),
(129, 6),
(131, 5),
(133, 8),
(134, 5),
(135, 1),
(135, 7),
(135, 10),
(136, 10),
(137, 5),
(137, 7),
(138, 2),
(138, 6),
(138, 9),
(139, 7),
(140, 5),
(140, 8),
(141, 1),
(141, 6),
(141, 8),
(142, 5),
(142, 8),
(143, 3),
(155, 14),
(155, 15);

-- --------------------------------------------------------

--
-- Struktur dari tabel `comments`
--

CREATE TABLE `comments` (
  `id` int(10) UNSIGNED NOT NULL,
  `user_id` int(10) UNSIGNED NOT NULL,
  `article_id` int(10) UNSIGNED NOT NULL,
  `body` text COLLATE utf8mb4_unicode_ci NOT NULL,
  `created_at` timestamp NULL DEFAULT NULL,
  `updated_at` timestamp NULL DEFAULT NULL
) ENGINE=InnoDB DEFAULT CHARSET=utf8mb4 COLLATE=utf8mb4_unicode_ci;

--
-- Dumping data untuk tabel `comments`
--

INSERT INTO `comments` (`id`, `user_id`, `article_id`, `body`, `created_at`, `updated_at`) VALUES
(101, 12, 17, 'Natus consequatur ea vitae.', '2021-02-15 23:42:16', '2021-02-15 23:57:15'),
(102, 6, 17, 'Tempore neque ut quis quia. Et repellendus repellendus et adipisci id.', '2021-02-15 23:42:17', '2021-02-15 23:57:15'),
(103, 6, 17, 'Et quasi voluptatem error nisi expedita quibusdam. Quia accusantium sunt rerum aperiam. Cupiditate totam vel impedit id voluptatem. Rerum sint omnis et in quas. Quas eius amet voluptatem eos.', '2021-02-15 23:42:18', '2021-02-15 23:57:15'),
(104, 13, 17, 'Omnis eveniet quo laudantium nulla sit voluptatem occaecati. Facilis ullam itaque recusandae atque. Beatae sequi deleniti vitae veniam rerum voluptate saepe.', '2021-02-15 23:42:19', '2021-02-15 23:57:15'),
(105, 6, 17, 'Placeat hic odit odio explicabo alias animi asperiores. Et assumenda id necessitatibus. Est mollitia ipsam omnis omnis facilis eveniet ut.', '2021-02-15 23:42:20', '2021-02-15 23:57:15'),
(106, 21, 17, 'Repudiandae aperiam adipisci vel. Quod omnis earum reprehenderit explicabo. Aperiam molestiae qui sint aliquam.', '2021-02-15 23:42:21', '2021-02-15 23:57:15'),
(107, 4, 17, 'Dolorem cumque aut cupiditate. Nesciunt aut quas et amet. Qui amet voluptate doloremque voluptatem libero et et nesciunt. Maiores debitis maxime nostrum beatae recusandae rem et ut. Quia et qui ut non. Rerum consequatur non et voluptate adipisci eos tempore. A excepturi similique aut quae.', '2021-02-15 23:42:22', '2021-02-15 23:57:15'),
(108, 17, 17, 'Libero et rerum neque qui nostrum. Dolorum nisi rerum fugiat. Et dolores atque voluptatem ducimus sequi qui.', '2021-02-15 23:42:23', '2021-02-15 23:57:15'),
(110, 15, 17, 'Aut iusto nisi voluptate aut sunt velit. Accusamus et laboriosam dolore alias quos. Sit maxime qui et quam. Dolore tempora consequatur dolor quo ex.', '2021-02-15 23:42:25', '2021-02-15 23:57:15'),
(111, 23, 18, 'Ut soluta aut saepe dolor tempora maiores. Recusandae harum et est voluptatem consectetur.', '2021-02-15 23:42:26', '2021-02-15 23:57:15'),
(112, 17, 18, 'Quia dolorum consequuntur atque vel rerum et corporis. Pariatur dolor atque qui modi ab et provident est. Dignissimos itaque illum at consectetur tempore.', '2021-02-15 23:42:27', '2021-02-15 23:57:15'),
(113, 4, 18, 'Qui fugiat sunt omnis occaecati. Error nostrum ex numquam in id minus voluptatum. Expedita id facilis veritatis consequuntur aut libero fugit.', '2021-02-15 23:42:28', '2021-02-15 23:57:15'),
(114, 13, 19, 'Incidunt quibusdam magni reprehenderit. Neque ad dolor quia repudiandae amet molestiae ipsam. Earum et quia et eum nam amet. Magni iusto dolorem inventore sunt.', '2021-02-15 23:42:29', '2021-02-15 23:57:15'),
(115, 6, 19, 'Pariatur aperiam fuga asperiores. Quia eius occaecati et est perferendis facere omnis sint. Assumenda alias culpa illo dignissimos. Quia dolorum nemo ullam rerum iusto quis. Sint tempora et amet quod sit dolores.', '2021-02-15 23:42:30', '2021-02-15 23:57:15'),
(116, 13, 20, 'Ab fuga sit dicta repellendus rerum. Non molestias qui nulla in. Et ut cum cum molestiae vitae odio quis eos.', '2021-02-15 23:42:31', '2021-02-15 23:57:15'),
(118, 4, 21, 'Eveniet illum quia voluptatem eum ab placeat velit reiciendis. Officia qui consequatur possimus voluptatibus voluptatum recusandae sed. Voluptatem distinctio velit nihil autem qui. Enim quidem perspiciatis est sed quis blanditiis. Sint nihil quaerat voluptas aliquid repudiandae eos et.', '2021-02-15 23:42:33', '2021-02-15 23:57:15'),
(119, 16, 21, 'Omnis asperiores laborum eaque excepturi. Consequatur dolorem necessitatibus voluptatibus et. Ut et quo nihil incidunt. Delectus adipisci temporibus unde reiciendis enim laborum qui.', '2021-02-15 23:42:34', '2021-02-15 23:57:15'),
(120, 6, 21, 'Quia voluptas veritatis earum fugit.', '2021-02-15 23:42:35', '2021-02-15 23:57:15'),
(121, 7, 21, 'Molestias aut ut eos quo a. Voluptates molestiae vitae rerum molestias accusantium. Eos laudantium dolor rem pariatur consequuntur soluta error.', '2021-02-15 23:42:36', '2021-02-15 23:57:15'),
(122, 8, 22, 'Est quas ea sint fugit quidem consequuntur iusto. Et amet magni aut natus impedit.', '2021-02-15 23:42:37', '2021-02-15 23:57:15'),
(123, 24, 22, 'Et quo placeat ut voluptatem porro voluptatem. Corporis nostrum ex recusandae totam ullam. Assumenda et incidunt dolore illo molestias temporibus vitae architecto. Facere possimus dolore officiis.', '2021-02-15 23:42:38', '2021-02-15 23:57:15'),
(124, 9, 22, 'Voluptas vitae aliquid voluptate dolor at. At omnis delectus autem eum. Qui rerum harum libero nihil harum.', '2021-02-15 23:42:39', '2021-02-15 23:57:15'),
(125, 3, 22, 'Debitis fuga cupiditate laborum eos necessitatibus. Amet omnis eius incidunt repellendus. Quos ullam blanditiis quibusdam et.', '2021-02-15 23:42:40', '2021-02-15 23:57:15'),
(126, 23, 23, 'Quas non debitis sed eum. Nobis sunt maiores similique mollitia sed. Est et saepe repellendus cum.', '2021-02-15 23:42:41', '2021-02-15 23:57:15'),
(127, 8, 23, 'Molestiae magnam similique et assumenda saepe. Et optio sunt quod cupiditate et provident. Numquam possimus sapiente occaecati autem pariatur. Expedita molestiae et rerum et qui facilis.', '2021-02-15 23:42:42', '2021-02-15 23:57:15'),
(128, 6, 23, 'Dignissimos non in quia earum quam vitae. Debitis repudiandae rerum facere pariatur. Nesciunt saepe et nihil nesciunt quas quia. Aut hic eveniet ducimus et voluptatem ipsum qui. Facilis recusandae repellendus magni omnis. Occaecati rerum et doloremque sit reprehenderit quod velit eligendi.', '2021-02-15 23:42:43', '2021-02-15 23:57:15'),
(129, 21, 23, 'Non fuga quibusdam qui facere corrupti rerum. Consequatur tempora adipisci recusandae. Omnis officia ex aut alias modi quo id perferendis. Dolore ea iusto placeat iure modi.', '2021-02-15 23:42:44', '2021-02-15 23:57:15'),
(130, 18, 23, 'Qui modi maxime quis perspiciatis nisi. Id nobis placeat dolores atque.', '2021-02-15 23:42:45', '2021-02-15 23:57:15'),
(131, 22, 23, 'Error cumque eos quam omnis architecto porro. Totam sit error est. Qui eveniet corrupti officiis ut dolorum illo est unde.', '2021-02-15 23:42:46', '2021-02-15 23:57:15'),
(133, 3, 24, 'Omnis laudantium quasi laborum delectus recusandae necessitatibus minima. Cumque repellendus sed est. Harum velit repellendus nulla laudantium quo illum. Voluptas mollitia aut similique. Ea incidunt consequatur doloribus sit deleniti nulla. Voluptatum eum error esse ea dolor aut. Error et voluptatem fugit recusandae reprehenderit quo.', '2021-02-15 23:42:48', '2021-02-15 23:57:15'),
(134, 13, 24, 'Sed voluptatem aut modi tenetur eos et eligendi. Vel cumque quia optio esse. Enim et fuga tempore. Cum in numquam aut et ullam assumenda.', '2021-02-15 23:42:49', '2021-02-15 23:57:15'),
(135, 9, 24, 'Hic ullam sit quaerat perspiciatis ut cumque nihil. Ut sit occaecati eos cum dolorem. Omnis aperiam dicta ipsa atque sit.', '2021-02-15 23:42:50', '2021-02-15 23:57:15'),
(136, 7, 24, 'Vero inventore iure ut sequi ea. Quis enim voluptatum sunt et sit. Nostrum aliquid laboriosam eos est. Perferendis eligendi dolorem libero aliquam. Aut voluptate et porro maxime cum quia.', '2021-02-15 23:42:51', '2021-02-15 23:57:15'),
(137, 16, 24, 'Nobis alias reiciendis repellendus ut consequatur. Quibusdam enim praesentium ullam sit reiciendis velit aut. A consequatur minus id reprehenderit quas. Maxime dolor voluptatem nesciunt necessitatibus ullam est voluptatem. Minus aperiam sit facere officiis.', '2021-02-15 23:42:52', '2021-02-15 23:57:15'),
(138, 10, 24, 'Maiores esse molestiae molestias eum voluptas accusamus sed. Aliquid dolores est libero. Voluptas quaerat et est aut consectetur tempore veniam. Consequuntur beatae sunt eos doloribus. Tempore quaerat qui necessitatibus veritatis omnis minima consequatur. Ipsum dicta enim eum qui minima animi. Dolores minima distinctio blanditiis recusandae.', '2021-02-15 23:42:53', '2021-02-15 23:57:15'),
(140, 25, 25, 'Rerum omnis molestiae et aut ut ut. Adipisci et eum voluptatem voluptatem fuga enim. Ea hic enim quaerat blanditiis. Qui vel beatae ea non officia amet magnam. Ea delectus aut eius magnam necessitatibus neque reiciendis. Quia blanditiis suscipit in voluptates vitae quaerat.', '2021-02-15 23:42:55', '2021-02-15 23:57:15'),
(141, 15, 25, 'Aut sapiente omnis deleniti est deleniti provident occaecati. Consequatur dolorem quam laboriosam modi. Eum vitae animi officiis aut aut et modi.', '2021-02-15 23:42:56', '2021-02-15 23:57:15'),
(142, 4, 25, 'Nostrum quia eos dolor autem libero eius dolor. Ut quo quis adipisci ut et commodi qui. Blanditiis aut sint eum fugit. Minima omnis libero fuga atque facilis temporibus perferendis quos. A aliquam error et et.', '2021-02-15 23:42:57', '2021-02-15 23:57:15'),
(143, 19, 25, 'Ipsam atque est deleniti neque. Aliquam quibusdam et voluptatem eaque. Omnis et qui delectus est. Quam ex eveniet rerum dignissimos odio molestiae placeat qui. Voluptatem mollitia atque ratione libero ea aut quaerat. Placeat ex similique rerum. Vel facere et quam expedita dicta aut natus.', '2021-02-15 23:42:58', '2021-02-15 23:57:15'),
(144, 15, 25, 'Ab non enim quidem recusandae magnam consequatur. Expedita qui laudantium sunt hic rem dolores illo. Excepturi occaecati nisi quia. Labore est sapiente dolore quod.', '2021-02-15 23:42:59', '2021-02-15 23:57:15'),
(145, 10, 25, 'Blanditiis officiis iste qui. Distinctio iure sit non rerum quo tempora ad. Id id voluptatem error. Explicabo dolor quaerat deserunt adipisci est ullam minima. Esse velit eum consequatur. Ratione voluptas esse qui dolor nisi minima omnis voluptatibus.', '2021-02-15 23:43:00', '2021-02-15 23:57:15'),
(146, 5, 26, 'Qui reiciendis occaecati eum tempore sunt dicta deserunt. Et rem accusamus modi odit dolorem ut iste. Dicta quo assumenda dolor doloribus animi autem. Iure ex aut necessitatibus nam. Illum magnam inventore laboriosam pariatur velit. Sed exercitationem ut beatae minus.', '2021-02-15 23:43:01', '2021-02-15 23:57:15'),
(147, 13, 26, 'Laboriosam ea mollitia odio similique quo magni minus veniam. Rerum unde sit odit quaerat. Odio et in doloribus sunt illum. Non et voluptatibus dolor eos quia. Beatae voluptatem omnis non consequatur optio. Velit totam quae facere cumque.', '2021-02-15 23:43:02', '2021-02-15 23:57:15'),
(148, 16, 26, 'Quidem error maxime fuga enim quo eaque. Iure nemo eos aut quia sunt ullam repellendus tempora. Sapiente eligendi libero quia doloribus fuga et. Qui consequatur natus voluptatibus harum ea possimus ipsa.', '2021-02-15 23:43:03', '2021-02-15 23:57:15'),
(149, 13, 26, 'Aut laudantium fugit magni omnis. Facilis delectus expedita inventore temporibus consequatur. Tenetur ex quo aut quos. Quo voluptate quae ut soluta aut dignissimos itaque.', '2021-02-15 23:43:04', '2021-02-15 23:57:15'),
(150, 13, 26, 'Porro nemo quae ad ut reiciendis. Eius vel eveniet fugiat doloremque nesciunt. Hic id quia illum.', '2021-02-15 23:43:05', '2021-02-15 23:57:15'),
(151, 17, 26, 'Earum minima eos autem. Provident qui animi ut magnam animi laborum. Sunt qui sed aut eos eos.', '2021-02-15 23:43:06', '2021-02-15 23:57:15'),
(152, 22, 26, 'Enim ut aut voluptatem. Voluptatem eius aut similique enim autem quod.', '2021-02-15 23:43:07', '2021-02-15 23:57:15'),
(153, 15, 26, 'Quia amet distinctio dicta dolorum. Labore molestias autem occaecati officiis minus. Sit rerum amet voluptatem. Repellat molestiae qui similique occaecati.', '2021-02-15 23:43:08', '2021-02-15 23:57:15'),
(154, 19, 26, 'Nihil suscipit quo at exercitationem dicta ex. Cupiditate alias exercitationem voluptates magni. Beatae dolor commodi est. Modi id veritatis repellat in iste et quasi.', '2021-02-15 23:43:09', '2021-02-15 23:57:15'),
(155, 4, 27, 'Consequuntur cum ex ratione id quia ducimus qui. Non recusandae dolor voluptatum corporis sint hic libero quod.', '2021-02-15 23:43:10', '2021-02-15 23:57:15'),
(156, 4, 27, 'Occaecati quis ducimus voluptatibus nam sed a. Provident unde dolore excepturi et illo et dicta molestiae. In saepe dicta occaecati consequatur. Aut rerum tenetur nobis sit. Molestiae cupiditate optio et suscipit.', '2021-02-15 23:43:11', '2021-02-15 23:57:15'),
(157, 12, 27, 'Ab velit laudantium amet in soluta. Dignissimos quae expedita sit eligendi eligendi expedita ratione officiis. Nesciunt vitae voluptatum fuga velit dolores aspernatur magni.', '2021-02-15 23:43:12', '2021-02-15 23:57:15'),
(158, 14, 27, 'Ab maiores saepe labore rem velit adipisci. Reiciendis animi fugit est tempora illum. Totam quo temporibus non. Quia fugit qui maiores sunt.', '2021-02-15 23:43:13', '2021-02-15 23:57:15'),
(159, 4, 27, 'Velit velit non ullam qui qui et. Consequuntur libero minus tempora illum architecto. Vel autem quia ipsum enim.', '2021-02-15 23:43:14', '2021-02-15 23:57:15'),
(160, 16, 27, 'Aliquam amet ullam quidem tempore ut.', '2021-02-15 23:43:15', '2021-02-15 23:57:15'),
(161, 19, 28, 'Cupiditate fuga quia qui autem sunt aperiam adipisci. Nobis et cumque tempore enim. Et culpa amet mollitia.', '2021-02-15 23:43:16', '2021-02-15 23:57:15'),
(162, 11, 28, 'Quia suscipit facere quos veritatis. Quia sapiente aut modi modi voluptatem non ipsum. Ut est hic rerum ex incidunt.', '2021-02-15 23:43:17', '2021-02-15 23:57:15'),
(163, 14, 28, 'Nihil labore aspernatur aut eum reprehenderit error. Ad perspiciatis sunt quae animi eos et.', '2021-02-15 23:43:18', '2021-02-15 23:57:15'),
(164, 18, 28, 'Ut ut ut minus dolore autem alias minima. Repudiandae eos quis voluptas sed maiores. Consectetur rerum corrupti repellat cum. Dolorem aliquid repellat cumque. Similique id labore repellat porro earum earum magnam.', '2021-02-15 23:43:19', '2021-02-15 23:57:15'),
(165, 21, 28, 'Dolores et consequuntur nobis eaque. Nulla odio aut delectus ut sapiente maxime. Molestias maiores qui natus nemo cum odio.', '2021-02-15 23:43:20', '2021-02-15 23:57:15'),
(166, 10, 28, 'Ut neque et dolorum doloribus nostrum et in.', '2021-02-15 23:43:21', '2021-02-15 23:57:15'),
(167, 20, 28, 'Laboriosam voluptas provident omnis iusto sapiente deleniti quis tempora. Quidem dicta odio voluptatem ea molestias. Repudiandae et atque quasi a ipsa autem aliquam. Quo quia fuga enim aliquam voluptatum accusantium voluptas eum. Tenetur ut repellendus eveniet ullam ea consectetur.', '2021-02-15 23:43:22', '2021-02-15 23:57:15'),
(169, 7, 28, 'Saepe quaerat quam aut. Enim rerum ipsam aut ut quam dolore.', '2021-02-15 23:43:24', '2021-02-15 23:57:15'),
(170, 15, 29, 'Laborum sint rem quia magni architecto. Itaque et sunt ducimus nihil. Mollitia suscipit iusto voluptates. Est dolor magni cumque hic. Expedita ab quo quos unde id. Et culpa voluptatem aperiam assumenda ratione. Non cupiditate neque officiis eius.', '2021-02-15 23:43:25', '2021-02-15 23:57:15'),
(171, 7, 29, 'Sit illo qui ad minima.', '2021-02-15 23:43:26', '2021-02-15 23:57:15'),
(172, 10, 29, 'Cumque ipsa velit nostrum qui eos quam nihil. Et ut aperiam delectus laudantium consequatur recusandae. Ipsam dolor vel architecto deserunt sit sunt libero. Aut perferendis voluptatem explicabo.', '2021-02-15 23:43:27', '2021-02-15 23:57:15'),
(173, 17, 29, 'Temporibus quas quos eos cupiditate. Hic reprehenderit dicta dolorum facilis quis. Assumenda accusantium natus quia id modi eum autem. Iste numquam nobis consequatur quia. Amet dolor repellat velit deleniti dolorem vel.', '2021-02-15 23:43:28', '2021-02-15 23:57:15'),
(174, 14, 30, 'Placeat nihil sunt in. Similique iste accusamus deleniti ut sapiente. Numquam recusandae at consequatur voluptatibus sed doloremque ut est. Earum qui beatae est.', '2021-02-15 23:43:29', '2021-02-15 23:57:15'),
(175, 20, 30, 'Similique enim molestias minus vel nemo. Nemo quod veniam corporis aut dignissimos dicta. Consequatur aut ut laboriosam deleniti odit deserunt.', '2021-02-15 23:43:30', '2021-02-15 23:57:15'),
(176, 11, 30, 'Facere unde delectus molestias. Inventore laboriosam reiciendis dolore. Molestiae nam ipsum ratione expedita. Enim consectetur incidunt adipisci non eligendi at. Dicta maxime omnis numquam quia praesentium quae nisi.', '2021-02-15 23:43:31', '2021-02-15 23:57:15'),
(177, 4, 31, 'Id voluptatem corporis at error. Accusantium dolorem ea quis dicta.', '2021-02-15 23:43:32', '2021-02-15 23:57:15'),
(178, 19, 31, 'Optio velit quia autem molestiae. Excepturi qui consequuntur mollitia sunt magnam voluptatem molestias.', '2021-02-15 23:43:33', '2021-02-15 23:57:15'),
(179, 24, 31, 'Eius sed quam corrupti et labore vel. Enim et ut nemo rem. Iure doloremque quos ut labore fuga odit nihil. Ullam aut dolorum architecto voluptatem magnam.', '2021-02-15 23:43:34', '2021-02-15 23:57:15'),
(181, 16, 31, 'Rerum dolor consequuntur facere qui magnam suscipit eius et. Soluta velit illum fugiat. Iste modi quidem expedita et qui qui inventore.', '2021-02-15 23:43:36', '2021-02-15 23:57:15'),
(182, 14, 31, 'Qui in aut exercitationem nihil soluta dignissimos.', '2021-02-15 23:43:37', '2021-02-15 23:57:15'),
(183, 11, 31, 'Eaque inventore ut recusandae et quod. Explicabo cupiditate dolore autem accusantium. Iure exercitationem at porro vitae. Labore rerum velit ratione voluptates corrupti quam dicta sunt.', '2021-02-15 23:43:38', '2021-02-15 23:57:15'),
(184, 22, 31, 'Illum molestiae molestias nostrum magnam consequatur. Maxime quo molestiae officia.', '2021-02-15 23:43:39', '2021-02-15 23:57:15'),
(185, 7, 32, 'Ratione non consequuntur qui quisquam. Molestiae eligendi molestiae exercitationem perspiciatis praesentium. Aut velit et nesciunt atque praesentium harum doloremque. Ab facilis quasi aliquid explicabo cum. Magni omnis ut et nobis.', '2021-02-15 23:43:40', '2021-02-15 23:57:15'),
(187, 19, 33, 'Praesentium quidem quia dolores et et et ea. Iure porro adipisci ut eius iste ab illum totam. Totam nobis aut autem incidunt quae.', '2021-02-15 23:43:42', '2021-02-15 23:57:15'),
(188, 23, 33, 'Laudantium excepturi id quasi suscipit aliquam repellendus perspiciatis. Sint itaque porro hic.', '2021-02-15 23:43:43', '2021-02-15 23:57:15'),
(189, 16, 33, 'Non eum maxime tempora dolores. Quia nisi repudiandae consequatur doloremque dolor consequuntur quisquam inventore. Aliquam facilis est cumque vel sed sunt accusantium.', '2021-02-15 23:43:44', '2021-02-15 23:57:15'),
(190, 4, 33, 'Dicta in eos vero ea est est autem. Qui voluptatum reprehenderit deleniti perspiciatis autem odit deserunt similique. Dolores in dolores porro reiciendis. Quibusdam repudiandae laborum harum.', '2021-02-15 23:43:45', '2021-02-15 23:57:15'),
(191, 23, 33, 'Cum nisi qui voluptates recusandae et ut vel inventore. Vitae quis dignissimos ratione porro nemo consequuntur saepe. Nisi temporibus cum est sapiente. Voluptatem et sint consequatur consequuntur nesciunt nisi doloribus sed. Qui iure modi qui eos.', '2021-02-15 23:43:46', '2021-02-15 23:57:15'),
(193, 11, 33, 'Totam repellat ipsum vel reprehenderit. Sed dolorem minima saepe nihil voluptatem aliquid voluptatibus. Quo culpa vel quis minus eligendi sit. Perspiciatis facilis et id facere doloribus ut perferendis. Facere sequi suscipit est qui et sit.', '2021-02-15 23:43:48', '2021-02-15 23:57:15'),
(194, 23, 33, 'In consequatur quam unde ut quos atque. Odit sit quos ratione qui non animi. Sunt perspiciatis eveniet cum et. Sapiente exercitationem numquam vel et.', '2021-02-15 23:43:49', '2021-02-15 23:57:15'),
(195, 6, 33, 'Cum dolores qui quasi asperiores quia. Quo sed harum atque praesentium ullam consequatur optio.', '2021-02-15 23:43:50', '2021-02-15 23:57:15'),
(196, 16, 34, 'Ut quisquam eos et aliquid. In ipsa ad aliquid suscipit autem aliquam enim magnam. Quidem error quis aut quis. Explicabo in nostrum illum id natus. Debitis id voluptatum est alias quaerat eaque ut.', '2021-02-15 23:43:51', '2021-02-15 23:57:15'),
(197, 15, 34, 'Amet vero sed eaque quasi quisquam dolor. Voluptatem aliquid necessitatibus ab architecto nihil quidem soluta et.', '2021-02-15 23:43:52', '2021-02-15 23:57:15'),
(198, 7, 34, 'Laboriosam laboriosam natus consequatur sed. Et soluta nihil sed in asperiores placeat voluptatum. Laboriosam ea nihil nesciunt magni.', '2021-02-15 23:43:53', '2021-02-15 23:57:15'),
(200, 20, 34, 'Reiciendis fugit voluptates aspernatur aspernatur sint cumque. Sed non consequatur consequatur ut nihil. Iure odio nemo consequatur laborum sit omnis velit nisi. Et nobis veritatis molestiae perspiciatis. Architecto aut dolor et dolores dicta velit et. Repudiandae et omnis dicta officia. Magni illum ea perspiciatis expedita.', '2021-02-15 23:43:55', '2021-02-15 23:57:15'),
(201, 5, 34, 'Ratione fuga dolores aliquam quo voluptatem. Sit saepe reprehenderit deleniti blanditiis est quasi soluta reprehenderit. Voluptatibus repellendus vero cumque tenetur. Qui eligendi sit consequatur sit qui numquam possimus. Voluptatem mollitia magnam dolorem sapiente doloremque vel officiis.', '2021-02-15 23:43:56', '2021-02-15 23:57:15'),
(202, 4, 34, 'Maxime quis amet porro doloremque nostrum earum qui. Iste impedit qui soluta beatae voluptas culpa.', '2021-02-15 23:43:57', '2021-02-15 23:57:15'),
(204, 16, 34, 'Odio quo et delectus voluptatum mollitia. Recusandae est distinctio qui aperiam ut qui. Ut fugit laudantium eos odio temporibus. Ullam modi iusto omnis voluptatem quasi accusantium et. Esse error quis fugit beatae impedit possimus aut. Voluptatem accusamus unde ullam totam.', '2021-02-15 23:43:59', '2021-02-15 23:57:15'),
(205, 19, 35, 'Dolor autem dicta tempora tempore sit sed iste. Dolorum quo voluptatem aliquid occaecati minima accusantium eum corporis. Alias cupiditate placeat hic vel voluptates sequi omnis voluptatibus.', '2021-02-15 23:44:00', '2021-02-15 23:57:15'),
(206, 19, 35, 'Est quas eum quia a. Voluptas molestias et sit dolore. Eum eligendi suscipit consequuntur inventore exercitationem natus. Sed eaque amet totam doloribus quaerat excepturi.', '2021-02-15 23:44:01', '2021-02-15 23:57:15'),
(207, 25, 35, 'Excepturi commodi eveniet eum tempora et error aut. Et nihil sunt debitis ipsa.', '2021-02-15 23:44:02', '2021-02-15 23:57:15'),
(208, 24, 36, 'Voluptatem eos ullam voluptatem asperiores pariatur harum. Cupiditate illum neque nulla eaque. Voluptas harum fugiat deserunt temporibus sed autem illo eum.', '2021-02-15 23:44:03', '2021-02-15 23:57:15'),
(209, 9, 36, 'Sunt porro possimus et voluptas ex quos. Qui culpa aliquam iste sapiente aut quod eveniet. Nisi voluptatem dolorem eveniet quisquam quod cum.', '2021-02-15 23:44:04', '2021-02-15 23:57:15'),
(210, 10, 36, 'Magnam animi praesentium voluptatem nobis rem sunt officiis. Tempora saepe doloribus debitis porro. Qui unde sunt laborum labore aliquam facere enim. Molestiae facilis dolore consequatur ad velit sunt.', '2021-02-15 23:44:05', '2021-02-15 23:57:15'),
(211, 15, 36, 'Laudantium molestias cumque velit illo non omnis omnis. Qui iure eos totam id quia ipsa voluptas.', '2021-02-15 23:44:06', '2021-02-15 23:57:15'),
(212, 4, 37, 'Ut in sed occaecati. Est eum illum rerum ab a. Earum vitae exercitationem et rem. Eum consectetur quidem nesciunt illo id rerum. Sunt vel corporis rerum ducimus. Occaecati sunt id sed repellat quod ipsum.', '2021-02-15 23:44:07', '2021-02-15 23:57:15'),
(213, 14, 37, 'Aut qui vitae ducimus necessitatibus dolore. In nostrum consequuntur cumque quibusdam ut.', '2021-02-15 23:44:08', '2021-02-15 23:57:15'),
(214, 15, 37, 'Quis quae atque debitis eum cum. Est facilis commodi quibusdam aliquid sequi.', '2021-02-15 23:44:09', '2021-02-15 23:57:15'),
(215, 16, 37, 'Beatae ipsam ea nobis qui. Culpa eveniet aut alias ex blanditiis saepe est quia. Non quasi libero quia at nam quis.', '2021-02-15 23:44:10', '2021-02-15 23:57:15'),
(216, 15, 37, 'Ut soluta dignissimos quis inventore ut facilis numquam.', '2021-02-15 23:44:11', '2021-02-15 23:57:15'),
(217, 15, 37, 'Explicabo repellendus occaecati autem dolorem quae ratione. Soluta ut quasi eos architecto. Omnis eos harum possimus quidem corporis mollitia iusto aut. Omnis error expedita quasi excepturi saepe.', '2021-02-15 23:44:12', '2021-02-15 23:57:15'),
(218, 22, 37, 'Odit in quia aperiam itaque. Dolor et eius maiores cupiditate. Est id aut ut et in amet.', '2021-02-15 23:44:13', '2021-02-15 23:57:15'),
(219, 20, 38, 'Esse maiores pariatur nam qui et aut vero. Voluptatem voluptatem sint mollitia voluptatum. Vitae nihil sit et.', '2021-02-15 23:44:14', '2021-02-15 23:57:15'),
(220, 18, 39, 'Totam qui est maxime molestiae natus dolor unde. Dicta enim labore minus fugiat dolorem sunt cum.', '2021-02-15 23:44:15', '2021-02-15 23:57:15'),
(221, 4, 40, 'Consequatur quidem asperiores voluptatibus sequi officiis commodi aut. Dignissimos eos et ut tempora debitis. Voluptas molestiae sit et.', '2021-02-15 23:44:16', '2021-02-15 23:57:15'),
(222, 17, 40, 'Veritatis repellendus quo dignissimos. Qui et dolorem omnis tenetur. Dolorum veritatis necessitatibus minima error. Nesciunt animi odio saepe et non repellendus. Mollitia sit similique cum corrupti.', '2021-02-15 23:44:17', '2021-02-15 23:57:15'),
(223, 18, 40, 'Qui quis aut nam quaerat a qui nostrum. Beatae iure ut repellat qui. Error qui ea eum molestias.', '2021-02-15 23:44:18', '2021-02-15 23:57:15'),
(224, 13, 40, 'Laborum animi id voluptate reprehenderit veritatis. Culpa nesciunt adipisci quis rerum est voluptate. Animi voluptas perferendis molestiae repellat adipisci nobis incidunt.', '2021-02-15 23:44:19', '2021-02-15 23:57:15'),
(225, 11, 40, 'Praesentium aut et vero.', '2021-02-15 23:44:20', '2021-02-15 23:57:15'),
(226, 21, 40, 'Voluptate ea nemo officiis accusamus ipsa. Voluptas consequatur odit tempore iste inventore dolorem et. Modi quia a eius rerum est quia adipisci.', '2021-02-15 23:44:21', '2021-02-15 23:57:15'),
(227, 11, 40, 'Molestiae et distinctio aperiam voluptas dolorem aut. Non minima dolore voluptatem neque neque ratione inventore. Natus corrupti nam adipisci quidem itaque commodi. Aut ratione in ut tenetur neque est quae. Et quasi quo fugiat sed dolore. Ratione maiores debitis laboriosam quod alias in dicta.', '2021-02-15 23:44:22', '2021-02-15 23:57:15'),
(228, 4, 40, 'Quis ad animi rerum eum qui ratione deserunt. Perspiciatis sunt corporis dolorum ea dolorum culpa. Aut est officia nulla aut quasi. Non quibusdam quia et aut voluptas ut. Natus id non est. Aut amet in nemo et repudiandae rerum dolorem.', '2021-02-15 23:44:23', '2021-02-15 23:57:15'),
(229, 19, 40, 'Est maxime quaerat enim quam enim temporibus aspernatur. Eos voluptas veritatis ad adipisci deleniti.', '2021-02-15 23:44:24', '2021-02-15 23:57:15'),
(230, 23, 40, 'Ducimus inventore veniam saepe odio. Atque ut perspiciatis nobis eos delectus. Ut illo provident voluptate sequi.', '2021-02-15 23:44:25', '2021-02-15 23:57:15'),
(231, 21, 41, 'Neque quidem soluta aut architecto. Quibusdam ut quod eum.', '2021-02-15 23:44:26', '2021-02-15 23:57:15'),
(232, 25, 41, 'Rerum blanditiis modi earum enim ab aut non. Optio sit mollitia similique maxime quo.', '2021-02-15 23:44:27', '2021-02-15 23:57:15'),
(233, 13, 41, 'Sint illum vero eos eos modi voluptas aut non. Deserunt qui sed aut neque aperiam sapiente est. Minima maiores ipsum et adipisci fuga illum.', '2021-02-15 23:44:28', '2021-02-15 23:57:15'),
(234, 20, 41, 'Quas molestiae molestiae impedit cum dolorem omnis doloremque. Amet dolore quam voluptas modi doloremque ducimus. Ratione rerum et nesciunt asperiores quas. Facere asperiores doloribus expedita.', '2021-02-15 23:44:29', '2021-02-15 23:57:15'),
(235, 21, 41, 'Dicta accusantium nihil temporibus sit quo. Consequatur amet velit omnis laudantium eveniet nesciunt omnis.', '2021-02-15 23:44:30', '2021-02-15 23:57:15'),
(236, 19, 41, 'Aperiam non esse earum perferendis aut et dolorum. Minus tenetur illum voluptatem est culpa itaque quam.', '2021-02-15 23:44:31', '2021-02-15 23:57:15'),
(238, 19, 42, 'Molestiae commodi minus officiis ut eveniet accusantium. Reprehenderit sint provident tempora tenetur. Voluptatum debitis nam expedita at sit et. Porro accusantium cumque exercitationem tempora est nihil et ullam.', '2021-02-15 23:44:33', '2021-02-15 23:57:15'),
(239, 19, 43, 'Corporis quo quaerat excepturi eos corporis. Qui esse facilis harum vel aut.', '2021-02-15 23:44:34', '2021-02-15 23:57:15'),
(240, 14, 43, 'Vel ea aut autem sint cumque quasi vitae. Autem omnis vel illum id laboriosam iste. Et ea aut non et et quis nemo.', '2021-02-15 23:44:35', '2021-02-15 23:57:15'),
(241, 18, 43, 'Modi quas dolores labore laudantium sed. Perspiciatis in corrupti aut deserunt omnis. Et ipsam sed temporibus et iste possimus quae ut. Illum eos ea est id. Ullam molestiae debitis autem unde aspernatur itaque magnam. Magni cumque voluptates dolor facere ut quibusdam.', '2021-02-15 23:44:36', '2021-02-15 23:57:15'),
(242, 25, 43, 'Magni et veniam nisi nesciunt reiciendis. Voluptatem amet provident repudiandae est est explicabo ea. Molestiae nesciunt maxime aut debitis deserunt. Iste cumque suscipit cumque pariatur repellat veniam.', '2021-02-15 23:44:37', '2021-02-15 23:57:15'),
(243, 9, 43, 'Reprehenderit rerum necessitatibus harum nobis. Asperiores officiis qui sint aut cupiditate neque temporibus non. Eius non dolor ad voluptas accusantium. Qui amet voluptatem occaecati autem. Voluptatum aperiam et occaecati et aut qui. Mollitia quos quibusdam rem hic earum expedita. Asperiores eum aut nihil molestiae.', '2021-02-15 23:44:38', '2021-02-15 23:57:15'),
(244, 21, 43, 'Sed repellat accusamus esse sequi iusto architecto vero. Eaque rerum ab distinctio beatae nam porro ab. Dolor deserunt ratione pariatur vel.', '2021-02-15 23:44:39', '2021-02-15 23:57:15'),
(245, 14, 43, 'Inventore ipsa doloribus sit veritatis.', '2021-02-15 23:44:40', '2021-02-15 23:57:15'),
(246, 8, 43, 'Facere odit ducimus veritatis quia officia et dolores nemo.', '2021-02-15 23:44:41', '2021-02-15 23:57:15'),
(247, 25, 43, 'Aliquid eos minima modi magnam delectus. Nihil sit dolor dolor culpa qui veritatis et. Ad optio laudantium perspiciatis dolores atque quae autem. Qui sint assumenda possimus enim accusamus. Delectus aut ipsum ut qui in ab.', '2021-02-15 23:44:42', '2021-02-15 23:57:15'),
(248, 20, 43, 'Corporis sequi aperiam vero. Aliquam et hic veritatis nam nisi.', '2021-02-15 23:44:43', '2021-02-15 23:57:15'),
(249, 10, 44, 'Rerum illum ut repellat voluptatem impedit. Maiores ab sit ad quis. Repudiandae nihil enim id. Ab incidunt fuga voluptatem in quas placeat cum excepturi.', '2021-02-15 23:44:44', '2021-02-15 23:57:15'),
(250, 5, 44, 'Veritatis aut est ratione iste et.', '2021-02-15 23:44:45', '2021-02-15 23:57:15'),
(251, 6, 44, 'Sit consectetur explicabo est eveniet deserunt. Voluptates qui earum qui quas ea consequatur. Ipsam vel suscipit dolor vero quidem quasi reiciendis. Id modi soluta eum nemo.', '2021-02-15 23:44:46', '2021-02-15 23:57:15'),
(252, 9, 44, 'Quia qui quibusdam nihil et aut reprehenderit sunt. Dolore magnam eveniet voluptatibus.', '2021-02-15 23:44:47', '2021-02-15 23:57:15'),
(254, 16, 44, 'Autem ducimus eius atque et ducimus ab. Harum dolor officiis ut sit. Odit doloribus molestiae reprehenderit id.', '2021-02-15 23:44:49', '2021-02-15 23:57:15'),
(255, 10, 44, 'Vel sit sed pariatur placeat.', '2021-02-15 23:44:50', '2021-02-15 23:57:15'),
(256, 25, 45, 'Possimus molestiae autem qui libero iusto esse. Omnis autem porro quis sed ex quasi vel eum.', '2021-02-15 23:44:51', '2021-02-15 23:57:15'),
(258, 10, 45, 'Dolorem et qui porro et est consectetur totam vitae. Animi sed asperiores dignissimos aut. Et repellat voluptatem sunt. Est consequatur animi quaerat nihil voluptatibus sit.', '2021-02-15 23:44:53', '2021-02-15 23:57:15'),
(259, 13, 45, 'Repellat reprehenderit quia qui animi placeat.', '2021-02-15 23:44:54', '2021-02-15 23:57:15'),
(260, 22, 45, 'Earum quo dicta blanditiis quia. Nemo quo sunt et unde veritatis. Suscipit ut necessitatibus alias est quod omnis. Non consectetur vel dolor in. Facere porro architecto saepe quidem cumque voluptatum.', '2021-02-15 23:44:55', '2021-02-15 23:57:15'),
(261, 20, 45, 'Accusamus id ipsa repellat qui velit. Tenetur temporibus velit ad quas. Eveniet eum amet molestiae velit eius ratione id.', '2021-02-15 23:44:56', '2021-02-15 23:57:15'),
(262, 11, 45, 'Culpa laborum et debitis cum. Consequatur aut quos dolores quos in illum sequi corporis. Accusantium adipisci repellendus itaque quis autem dolores. Esse aperiam delectus repellat et fugit quis magnam. Soluta commodi cum eligendi aliquam commodi ratione. Provident ea qui similique rerum.', '2021-02-15 23:44:57', '2021-02-15 23:57:15'),
(263, 6, 45, 'Et corrupti nisi ut odit. At assumenda laborum libero minus. Consequatur rerum occaecati eos qui.', '2021-02-15 23:44:58', '2021-02-15 23:57:15'),
(264, 25, 45, 'Non distinctio magni aut recusandae unde omnis id. Omnis rerum voluptatem nobis fugit reiciendis et et. Magni et repellendus suscipit consequatur dicta nemo saepe ullam.', '2021-02-15 23:44:59', '2021-02-15 23:57:15'),
(265, 15, 46, 'Eius sit dolorum repellendus temporibus earum. Officiis voluptatem rem est animi.', '2021-02-15 23:45:00', '2021-02-15 23:57:15'),
(266, 17, 46, 'Ipsam eius qui officiis consectetur saepe molestiae corrupti. Impedit dolor voluptatem possimus sit deserunt rerum voluptate id. Sequi iste distinctio eos non.', '2021-02-15 23:45:01', '2021-02-15 23:57:15'),
(267, 20, 46, 'Rerum facere ea voluptates hic sapiente voluptate ut. Et ut soluta sit consequuntur. Magni aut ut autem magnam voluptatem quos fuga adipisci.', '2021-02-15 23:45:02', '2021-02-15 23:57:15'),
(268, 11, 46, 'Eum consequatur ullam ut distinctio doloribus neque possimus. Quaerat ut nihil qui modi dolores unde vel. Est sed facere rerum maxime dignissimos.', '2021-02-15 23:45:03', '2021-02-15 23:57:15'),
(269, 12, 46, 'Dolorem explicabo deserunt voluptatibus ex. Cupiditate quod quis eos laudantium et voluptates aliquam veritatis. Enim a voluptate dignissimos est voluptas. Fugit facilis mollitia illo vitae. Soluta aut eveniet veniam quia.', '2021-02-15 23:45:04', '2021-02-15 23:57:15'),
(270, 21, 46, 'Ullam et occaecati omnis nihil. Quos et ipsa omnis a. Doloribus occaecati sed repellendus veniam quis. Est rem sit corrupti possimus asperiores. Voluptatem qui nostrum et quae voluptas doloribus fugiat totam.', '2021-02-15 23:45:05', '2021-02-15 23:57:15'),
(272, 24, 46, 'Eveniet reprehenderit earum beatae nihil nemo alias.', '2021-02-15 23:45:07', '2021-02-15 23:57:15'),
(273, 19, 46, 'Similique dolorem ex voluptates sed quo. Esse dicta incidunt praesentium dolor placeat. Rerum quos delectus maxime. Quibusdam ea ipsa expedita labore aut. Quas suscipit qui rerum vel ea autem.', '2021-02-15 23:45:08', '2021-02-15 23:57:15'),
(274, 21, 47, 'Magni laborum aut corporis. Qui in blanditiis nisi nostrum ut. Rerum qui autem libero odio non perspiciatis.', '2021-02-15 23:45:09', '2021-02-15 23:57:15'),
(275, 9, 47, 'Est pariatur voluptates id in. Sed aperiam officiis nobis.', '2021-02-15 23:45:10', '2021-02-15 23:57:15'),
(276, 8, 47, 'Dolor aspernatur totam et atque aut quia error. Et quia deleniti exercitationem consequatur. Voluptas distinctio soluta asperiores possimus. Animi provident ab esse vel quis enim aut. Itaque nihil dignissimos voluptas distinctio tempore labore et quasi. Quo mollitia repudiandae id voluptatibus rem soluta. Consequatur aut vel ipsa. Omnis nobis aut maiores quisquam.', '2021-02-15 23:45:11', '2021-02-15 23:57:15'),
(277, 17, 47, 'Et incidunt ducimus necessitatibus necessitatibus cumque.', '2021-02-15 23:45:12', '2021-02-15 23:57:15'),
(278, 9, 47, 'Sed molestiae facilis et tenetur consectetur maiores id. Cupiditate voluptatem est sunt corrupti sunt error. Ut amet voluptatum voluptatem consequatur temporibus possimus. Aut voluptatem doloremque eligendi facilis sed.', '2021-02-15 23:45:13', '2021-02-15 23:57:15'),
(279, 8, 47, 'Sunt et commodi est magnam occaecati. Voluptatem molestiae odit ut quis voluptatem amet. Ea voluptatem iure quae aperiam qui. Aliquid ducimus et voluptatibus sit nostrum accusantium magni. Quidem similique ab veniam corporis nostrum enim quasi. Qui pariatur beatae omnis quidem debitis quia suscipit id.', '2021-02-15 23:45:14', '2021-02-15 23:57:15'),
(280, 5, 47, 'Rerum quia quam debitis et quis id vitae. Perferendis quia unde et fugiat eveniet aut. Molestias ipsum alias facilis quidem eum fuga mollitia. Atque labore itaque aut earum. Repellendus aliquam aperiam id quia ratione et.', '2021-02-15 23:45:15', '2021-02-15 23:57:15'),
(282, 6, 47, 'Dolor aut laborum quia voluptas illo animi. Molestias numquam culpa qui aut laborum voluptate. Quae voluptatem id et. Quia soluta quae aut quis error. Perspiciatis sunt similique voluptatibus praesentium consectetur et sunt beatae.', '2021-02-15 23:45:17', '2021-02-15 23:57:15'),
(283, 8, 47, 'Et ea voluptates velit quia. Nulla commodi aut eligendi et iure ducimus. In delectus eum amet voluptates quo.', '2021-02-15 23:45:18', '2021-02-15 23:57:15'),
(284, 22, 48, 'Voluptatem maxime est quisquam vel repellendus assumenda. Labore harum quod rerum quia.', '2021-02-15 23:45:19', '2021-02-15 23:57:15'),
(285, 17, 48, 'Atque id sit corrupti sit et dolorem repudiandae voluptatibus. Repudiandae aut blanditiis quasi aliquam nihil temporibus nihil. Deserunt voluptatem officia aliquid in laboriosam. Dicta ut et similique excepturi.', '2021-02-15 23:45:20', '2021-02-15 23:57:15'),
(286, 6, 48, 'Nihil sit dolores alias iusto minus delectus. Sed voluptatum maiores qui nulla deleniti et. Error qui autem doloribus ea voluptatem. Nihil quis id repellendus voluptatum quae in est. Voluptas maiores adipisci et qui sunt.', '2021-02-15 23:45:21', '2021-02-15 23:57:15'),
(287, 18, 48, 'Voluptatem aut error nihil dolor non enim placeat voluptas. Porro ratione dolorum rem deserunt praesentium non ducimus nihil. Neque dolor dolorem omnis enim et voluptatum beatae nostrum. Perferendis accusantium illo accusamus aut ut magnam aspernatur. Cumque culpa labore est ducimus maxime alias.', '2021-02-15 23:45:22', '2021-02-15 23:57:15'),
(288, 19, 49, 'Qui odio numquam omnis quis est eos distinctio rerum. Architecto ad libero id magni non vero in eligendi. Occaecati delectus officia animi nobis.', '2021-02-15 23:45:23', '2021-02-15 23:57:15'),
(289, 3, 49, 'Excepturi doloremque ea quas quo assumenda. Debitis ut deleniti ad voluptas. Aut cum consequuntur possimus.', '2021-02-15 23:45:24', '2021-02-15 23:57:15'),
(290, 18, 49, 'Iusto error ex soluta atque laborum. Sunt accusamus ut nihil neque omnis est dolores.', '2021-02-15 23:45:25', '2021-02-15 23:57:15'),
(291, 18, 49, 'Non quia placeat atque. Id sequi officia inventore.', '2021-02-15 23:45:26', '2021-02-15 23:57:15'),
(292, 9, 49, 'Voluptas ex dolorem minima ut minus magni. Minus fugiat nihil unde ipsam aut. Corrupti maiores aliquid quod consequatur iure sit aspernatur. Qui nemo beatae totam eos labore quaerat eum recusandae.', '2021-02-15 23:45:27', '2021-02-15 23:57:15'),
(293, 19, 50, 'Modi quo iure assumenda esse dolores possimus et. Rerum voluptates molestias consequuntur. Omnis occaecati ratione officia consequuntur aspernatur velit. Minus sint voluptatem debitis rerum itaque expedita. Enim assumenda ut ducimus numquam quasi molestiae itaque inventore. Ea voluptatibus omnis molestias a recusandae.', '2021-02-15 23:45:28', '2021-02-15 23:57:15'),
(294, 3, 50, 'Sed libero quia et minima. Vel at similique voluptatibus consequatur.', '2021-02-15 23:45:29', '2021-02-15 23:57:15'),
(295, 24, 50, 'Neque pariatur voluptatum consequatur eos voluptas doloremque a. Quae et velit ex. Quisquam consequatur possimus deserunt inventore fugiat. Voluptatem saepe nihil inventore quia.', '2021-02-15 23:45:30', '2021-02-15 23:57:15'),
(296, 6, 50, 'Optio ullam quae veritatis fugit vel quam consequuntur. Perspiciatis ipsam optio adipisci ipsam voluptatem ea.', '2021-02-15 23:45:31', '2021-02-15 23:57:15'),
(297, 14, 50, 'Laborum aut dolorem accusamus tenetur qui veritatis. Tempore odio sit et est. Laboriosam est et sit quia voluptatum. Ad ea eum quisquam non.', '2021-02-15 23:45:32', '2021-02-15 23:57:15'),
(298, 10, 50, 'Ut assumenda voluptates nam aliquam corrupti blanditiis eos dignissimos. Voluptatum fugiat aut est. Omnis tempora qui temporibus maiores quis. Saepe tempore qui et sed atque. Assumenda facilis ut cupiditate sint ut. Neque error deserunt quia.', '2021-02-15 23:45:33', '2021-02-15 23:57:15'),
(299, 14, 51, 'Dolores et sint et occaecati dolore molestiae. Et et id autem voluptatem. Voluptas officia fuga eos cum sit ratione.', '2021-02-15 23:45:34', '2021-02-15 23:57:15'),
(300, 13, 51, 'Ut id delectus porro dolores. Et quibusdam in quo ullam perferendis. Non rerum repudiandae inventore exercitationem temporibus aspernatur. Officia rerum autem est nobis voluptate ut sed. Dolorum et occaecati tempora voluptates numquam voluptatem vitae.', '2021-02-15 23:45:35', '2021-02-15 23:57:16'),
(301, 11, 51, 'Praesentium illo accusantium ipsam eum laborum vero. Eligendi earum quis blanditiis voluptatem est fugit quo illum.', '2021-02-15 23:45:36', '2021-02-15 23:57:16'),
(302, 15, 51, 'Eum culpa ea aut optio dicta minus iusto. Quia consequatur culpa sed qui perspiciatis. Dolor voluptatem ut rem nisi et ab. Velit voluptas ipsum voluptas sed voluptatem sit et.', '2021-02-15 23:45:37', '2021-02-15 23:57:16'),
(303, 20, 52, 'Laudantium in et et quod nam fugiat. Voluptatibus doloribus rerum voluptatum qui.', '2021-02-15 23:45:39', '2021-02-15 23:57:16'),
(304, 6, 52, 'Illum sunt tenetur et vero amet molestias. Omnis cum ea eius dolorum. Quaerat aut dolore architecto nobis assumenda alias temporibus. Rem sapiente et velit recusandae. Est delectus libero possimus qui deleniti.', '2021-02-15 23:45:40', '2021-02-15 23:57:16'),
(305, 22, 52, 'Sed dignissimos repellat nemo sed sapiente. Eveniet aut sed totam mollitia repellendus ea. Alias sed a ut a consequatur qui a. Soluta necessitatibus et ut ut. Voluptatem sunt delectus itaque totam et. Consequuntur laborum odit veniam et voluptas numquam. Ut reiciendis consequatur dolores consequatur.', '2021-02-15 23:45:41', '2021-02-15 23:57:16'),
(306, 21, 52, 'Libero voluptas aliquid est optio rerum cumque sed. Esse non quo voluptatem commodi adipisci eius sit. Deserunt mollitia commodi voluptas autem facere suscipit voluptas sint.', '2021-02-15 23:45:42', '2021-02-15 23:57:16'),
(307, 23, 52, 'Est occaecati rem sint et labore corporis culpa. Corrupti ut aut accusamus temporibus cumque eos. Id ab commodi non quo.', '2021-02-15 23:45:43', '2021-02-15 23:57:16'),
(308, 5, 52, 'Voluptatem animi quis esse ipsa. Consectetur voluptas voluptatem pariatur quos. Ex dolorum in alias architecto sunt cumque amet magnam. Quidem aspernatur sed iste debitis. Placeat asperiores ea omnis sunt aut alias deserunt dolor.', '2021-02-15 23:45:44', '2021-02-15 23:57:16'),
(310, 20, 52, 'Perferendis recusandae unde nihil sapiente. Voluptas laudantium molestias nesciunt. Eius velit occaecati et dolores nesciunt officia similique.', '2021-02-15 23:45:46', '2021-02-15 23:57:16'),
(312, 6, 53, 'Blanditiis a velit omnis dolor magnam ullam omnis. Quibusdam maiores quia est praesentium ipsa voluptatum omnis fugit. Nemo exercitationem consequuntur quasi vitae quo eaque. Sequi doloremque consequuntur consectetur non sit.', '2021-02-15 23:45:48', '2021-02-15 23:57:16'),
(313, 14, 53, 'Similique aut cum eligendi excepturi. Occaecati sequi velit quam exercitationem illo. Consequatur minima sit maxime illo laborum autem quo.', '2021-02-15 23:45:49', '2021-02-15 23:57:16'),
(314, 15, 53, 'Non rerum pariatur quis quidem. Deserunt suscipit fugiat veniam vero autem unde. At et quis excepturi sit. Tempora omnis porro reiciendis officiis ducimus et expedita. Impedit delectus rerum accusamus. Doloribus voluptatum velit quia et impedit error. Sed officia consequatur aut est voluptatum ab.', '2021-02-15 23:45:50', '2021-02-15 23:57:16'),
(316, 7, 53, 'Placeat omnis minus officia quidem incidunt perspiciatis qui. Nemo eos voluptas quia perferendis recusandae ducimus non. Dignissimos et possimus cumque officia debitis velit rerum.', '2021-02-15 23:45:52', '2021-02-15 23:57:16'),
(317, 4, 53, 'Animi consectetur laudantium sequi enim dolorum et. Pariatur corrupti odit fuga recusandae laudantium voluptas. Quia nostrum est laboriosam voluptatem.', '2021-02-15 23:45:53', '2021-02-15 23:57:16'),
(318, 20, 53, 'Autem officia et aut porro similique. Accusamus dolorem ut repellat ipsa non aut ex doloribus. Itaque delectus nobis sequi suscipit repudiandae.', '2021-02-15 23:45:54', '2021-02-15 23:57:16'),
(320, 5, 54, 'Et eligendi hic magni autem consequatur. Suscipit autem eos omnis accusamus voluptatem. Sapiente placeat doloribus vitae illo. Ut perspiciatis non perferendis est sed perferendis.', '2021-02-15 23:45:56', '2021-02-15 23:57:16'),
(322, 24, 54, 'Dolorem explicabo commodi nisi et quisquam laudantium. Fuga quia perferendis ea nulla unde corrupti impedit. Vitae dolor voluptate nihil numquam velit numquam.', '2021-02-15 23:45:58', '2021-02-15 23:57:16'),
(323, 13, 54, 'Et sint saepe sit libero corrupti ut et. Pariatur quod debitis molestiae eius. Consequuntur illo illo ut dicta. Odio dolor eaque enim aliquam quam atque.', '2021-02-15 23:45:59', '2021-02-15 23:57:16'),
(325, 25, 55, 'Pariatur et non odit eveniet error autem eligendi architecto. Voluptatem dolores illo repellat et sed. Aut fugiat ex saepe accusamus odio. Inventore quo error dolores quia facere.', '2021-02-15 23:46:01', '2021-02-15 23:57:16'),
(326, 15, 55, 'Animi fugiat et quasi. Perferendis amet et rerum et corrupti repellendus. Eaque amet adipisci velit quasi. Et assumenda odio ratione architecto distinctio. Quia quisquam dolorem ut alias. Eum qui molestias beatae fuga voluptate voluptas cumque. Tenetur ut voluptatem doloremque qui exercitationem mollitia repellat.', '2021-02-15 23:46:02', '2021-02-15 23:57:16'),
(327, 24, 55, 'Dolores illo dolorem voluptatum quam cum ipsa voluptatem incidunt. Veritatis qui aut et laborum. Omnis omnis consequuntur qui assumenda iste sint. Est tempore et assumenda aut.', '2021-02-15 23:46:03', '2021-02-15 23:57:16'),
(328, 11, 55, 'Consequatur iusto autem a eius. Cupiditate laboriosam vel reprehenderit fuga voluptatem. Quia et enim consequuntur. Harum et saepe est a ex at fugiat. Totam qui sed fugiat a. Sit corporis nemo nesciunt voluptas sint quos error.', '2021-02-15 23:46:04', '2021-02-15 23:57:16'),
(329, 11, 55, 'Optio est vero id nihil omnis. Aspernatur quos velit est atque rerum tenetur ea.', '2021-02-15 23:46:05', '2021-02-15 23:57:16'),
(330, 3, 55, 'Ratione nesciunt molestiae labore aut in incidunt.', '2021-02-15 23:46:06', '2021-02-15 23:57:16'),
(331, 24, 55, 'Distinctio assumenda odio eligendi quo adipisci. Ut et et dicta similique qui molestiae.', '2021-02-15 23:46:07', '2021-02-15 23:57:16'),
(332, 24, 55, 'Quibusdam sunt qui sed dolore at.', '2021-02-15 23:46:08', '2021-02-15 23:57:16'),
(333, 14, 55, 'Adipisci eos quod rerum molestiae et sapiente ex. Unde inventore pariatur porro aut. Et ut est voluptas cum. Asperiores molestiae voluptatem aut voluptatem. Eius nulla et et provident repellat ad assumenda. Ut et doloremque doloremque reprehenderit illo nesciunt tempore porro. Est sit mollitia voluptas voluptatem porro omnis suscipit.', '2021-02-15 23:46:09', '2021-02-15 23:57:16'),
(334, 12, 56, 'Et accusamus at ratione.', '2021-02-15 23:46:10', '2021-02-15 23:57:16'),
(335, 9, 56, 'Iure officiis provident praesentium quia nam.', '2021-02-15 23:46:11', '2021-02-15 23:57:16'),
(336, 18, 56, 'Expedita cupiditate sequi quod ad qui. Vel dolore animi reiciendis nesciunt perferendis dolor exercitationem. Omnis eum officia distinctio id et. Sunt sed molestias dolorem blanditiis aut.', '2021-02-15 23:46:12', '2021-02-15 23:57:16'),
(337, 7, 56, 'Qui ex est odio sit inventore. Culpa ea iusto dolore est.', '2021-02-15 23:46:13', '2021-02-15 23:57:16'),
(338, 8, 56, 'Officia vero ut suscipit dolor cupiditate. Sint id aut possimus autem cupiditate molestiae velit. Voluptatem molestias magnam repellat sit ut occaecati ipsa aut. Et ipsa consequatur necessitatibus doloribus.', '2021-02-15 23:46:14', '2021-02-15 23:57:16'),
(339, 4, 57, 'Rerum corrupti nihil quia veniam. Autem dolor est deserunt voluptas suscipit sed.', '2021-02-15 23:46:15', '2021-02-15 23:57:16'),
(340, 15, 57, 'Reiciendis voluptatum id dolor quis cum esse odit.', '2021-02-15 23:46:16', '2021-02-15 23:57:16'),
(341, 15, 58, 'Omnis magni qui dolor voluptatem. Maxime quibusdam blanditiis dolores et voluptas harum omnis.', '2021-02-15 23:46:17', '2021-02-15 23:57:16'),
(342, 7, 58, 'Sint nobis odio quibusdam sed fugiat voluptatem. Inventore et ipsum sint placeat eligendi corrupti quis. Quis in quo molestiae numquam impedit. Perspiciatis dolorum consequatur repellendus culpa exercitationem. Est sequi omnis est et.', '2021-02-15 23:46:18', '2021-02-15 23:57:16'),
(343, 7, 58, 'Aut id autem quis maxime. Cum est rem qui quo.', '2021-02-15 23:46:19', '2021-02-15 23:57:16'),
(344, 9, 58, 'Magni ut et rerum quibusdam. Adipisci reiciendis natus quaerat praesentium. Doloremque quo impedit perspiciatis quia non vel. Dignissimos soluta dolor ea et.', '2021-02-15 23:46:20', '2021-02-15 23:57:16'),
(345, 8, 59, 'Soluta voluptate quo quia vel dolorum consequuntur non rerum.', '2021-02-15 23:46:21', '2021-02-15 23:57:16'),
(346, 21, 60, 'Accusantium nihil veniam aliquam necessitatibus dolorem veniam nulla. Facilis reiciendis ut dolorem maiores. Illo eos et harum sunt.', '2021-02-15 23:46:22', '2021-02-15 23:57:16'),
(347, 25, 60, 'Praesentium ea aut aliquid omnis neque est. Quo est aut et. Culpa pariatur ut ullam alias vitae qui laudantium. Corporis a voluptate sit aut explicabo minima. Fugiat illo omnis sed aut. Exercitationem officia velit cum temporibus molestiae voluptates fuga.', '2021-02-15 23:46:23', '2021-02-15 23:57:16'),
(348, 10, 60, 'Impedit occaecati sunt id voluptas et eum molestias. Recusandae ut molestiae rem ab esse in et. Cumque fugiat tempore ipsa aut ut nobis a. Optio cum saepe quis.', '2021-02-15 23:46:24', '2021-02-15 23:57:16'),
(349, 4, 60, 'Autem aut consequatur eius omnis qui ut quibusdam distinctio. Illo blanditiis aut non officia. Deleniti et perferendis sed odit doloremque. Voluptatibus sit nobis quo ut omnis voluptates laboriosam corrupti. Quibusdam voluptas in qui sit totam.', '2021-02-15 23:46:25', '2021-02-15 23:57:16'),
(350, 9, 60, 'Commodi quia facilis numquam saepe. Nisi vel non sed qui ad.', '2021-02-15 23:46:26', '2021-02-15 23:57:16');
INSERT INTO `comments` (`id`, `user_id`, `article_id`, `body`, `created_at`, `updated_at`) VALUES
(351, 24, 60, 'Possimus vel omnis minima atque velit minus. Iste cumque reprehenderit perferendis perspiciatis itaque accusamus in exercitationem. Assumenda explicabo corrupti est doloremque dolorem. Beatae molestias delectus vero omnis.', '2021-02-15 23:46:27', '2021-02-15 23:57:16'),
(352, 10, 61, 'Praesentium nihil officia aut nostrum. Esse laborum sapiente ea perferendis qui aliquid esse libero. Non cupiditate rerum harum natus non. Aut numquam debitis dolores nostrum. Cumque totam voluptatem iste autem dolorem corrupti libero.', '2021-02-15 23:46:28', '2021-02-15 23:57:16'),
(353, 3, 62, 'Nihil deleniti dolores doloremque voluptates quisquam aut. Pariatur aperiam eum nulla deleniti earum est quia. Et unde quis cum omnis delectus est placeat. Odit iusto iusto corporis a. Voluptatum sit minus repellat sed quisquam sunt consequatur tempora.', '2021-02-15 23:46:29', '2021-02-15 23:57:16'),
(354, 20, 62, 'Et eum natus consequatur veritatis ipsa architecto eos autem. Eaque dolores omnis rerum cumque. Ratione voluptatibus eos quam consequatur non sunt aliquid velit.', '2021-02-15 23:46:30', '2021-02-15 23:57:16'),
(355, 15, 62, 'Quod et iusto et cumque. Est consequatur sunt odio fugit aut quas. Voluptatem rem voluptatum voluptas doloremque a asperiores.', '2021-02-15 23:46:31', '2021-02-15 23:57:16'),
(356, 8, 62, 'Eaque et laudantium ut tenetur qui rem ipsam. Voluptas assumenda qui dolorem ab minus et aut. Eligendi facere officia molestiae eum.', '2021-02-15 23:46:32', '2021-02-15 23:57:16'),
(357, 8, 63, 'Velit asperiores sunt cupiditate et velit impedit quod. Quo unde non maiores reiciendis autem qui. Dolorem voluptas molestiae dolore quia omnis qui commodi.', '2021-02-15 23:46:33', '2021-02-15 23:57:16'),
(358, 17, 63, 'Et esse iste qui itaque nemo nesciunt ea. Reiciendis quos odit sit consequatur. Expedita nobis omnis iste. Sed voluptatem officiis voluptas rerum.', '2021-02-15 23:46:34', '2021-02-15 23:57:16'),
(359, 17, 63, 'Doloribus sed error ipsam unde harum nesciunt et. Et a blanditiis occaecati optio. Et quis minima quam itaque. Eius placeat porro deserunt mollitia et laudantium.', '2021-02-15 23:46:35', '2021-02-15 23:57:16'),
(361, 25, 63, 'Minus at provident eum expedita aliquid error repellat. Fugiat iusto sint assumenda deleniti. Voluptas non quam aut accusamus. Nisi quis beatae vero suscipit fugiat perspiciatis optio. Aut sint quae commodi optio sint eligendi quia aliquid.', '2021-02-15 23:46:37', '2021-02-15 23:57:16'),
(362, 9, 63, 'Sint molestiae sint qui non eum. Quia sint asperiores fuga commodi.', '2021-02-15 23:46:38', '2021-02-15 23:57:16'),
(363, 23, 63, 'Odit praesentium temporibus facilis minus totam repellat id. A accusamus saepe eum autem enim nulla.', '2021-02-15 23:46:39', '2021-02-15 23:57:16'),
(364, 3, 64, 'Illum et voluptatibus in reprehenderit. Quaerat perspiciatis nam labore est voluptatem eum ut. Velit quis architecto ratione suscipit rerum ex perferendis dolorum.', '2021-02-15 23:46:40', '2021-02-15 23:57:16'),
(365, 3, 64, 'Eius voluptatibus totam est in vel mollitia nihil. Perferendis quas fugiat aperiam corrupti deserunt. Quia quaerat nisi dolores praesentium consectetur. Numquam nostrum quidem sed sunt vitae aut quo.', '2021-02-15 23:46:41', '2021-02-15 23:57:16'),
(366, 25, 64, 'Est hic tempora commodi qui.', '2021-02-15 23:46:42', '2021-02-15 23:57:16'),
(367, 6, 64, 'In facere maiores incidunt architecto et inventore sunt sint.', '2021-02-15 23:46:43', '2021-02-15 23:57:16'),
(368, 24, 64, 'Blanditiis et delectus id ea nihil et blanditiis. Et non cumque mollitia ullam saepe dicta quod. Doloribus asperiores et adipisci. Ut maxime reiciendis id repellat expedita nisi sequi. Quia dolores fuga eaque repellat.', '2021-02-15 23:46:44', '2021-02-15 23:57:16'),
(369, 17, 64, 'Tempora qui saepe omnis soluta. Porro voluptatem deleniti ab voluptatem vitae. Eos doloribus officia quasi aut dolores est. Aut enim enim assumenda aut consequatur accusantium quaerat.', '2021-02-15 23:46:45', '2021-02-15 23:57:16'),
(371, 19, 64, 'Suscipit et eaque magni. Nihil laudantium consectetur neque qui eos. Consequatur architecto facilis occaecati fugit sit iure suscipit excepturi. Rem labore dolore exercitationem voluptas. Cupiditate non quibusdam debitis in sint. Quam qui ab aut vel voluptatem qui suscipit.', '2021-02-15 23:46:47', '2021-02-15 23:57:16'),
(373, 15, 65, 'Minus distinctio necessitatibus est enim qui animi dolor. Est ullam aut sed quis molestiae et. Voluptas accusantium ut omnis minus sapiente dolorem aliquid. Quia dicta a et laborum aut mollitia est. Perspiciatis cum quia ipsa asperiores et architecto. Et hic et quisquam odio voluptatem vitae quo.', '2021-02-15 23:46:49', '2021-02-15 23:57:16'),
(374, 23, 65, 'Deleniti suscipit quaerat quia quia voluptatem. Earum esse repudiandae eligendi fugiat pariatur cum voluptatem.', '2021-02-15 23:46:50', '2021-02-15 23:57:16'),
(375, 5, 66, 'Neque iure ea sint sint dolorum quia. Eligendi non odio eligendi dolorem aut voluptas.', '2021-02-15 23:46:51', '2021-02-15 23:57:16'),
(377, 21, 66, 'Qui voluptatum ut facilis. Assumenda alias eveniet saepe sed possimus iure.', '2021-02-15 23:46:53', '2021-02-15 23:57:16'),
(378, 15, 67, 'Corrupti sed consequatur veniam et. Amet delectus omnis labore iusto.', '2021-02-15 23:46:54', '2021-02-15 23:57:16'),
(379, 17, 67, 'Inventore qui consectetur vero sed. Voluptas aut velit est sint. Vero libero ratione rerum esse facere. Eum provident quaerat a porro esse.', '2021-02-15 23:46:55', '2021-02-15 23:57:16'),
(380, 13, 68, 'Reprehenderit possimus non facilis laudantium aut sed et. Sed ea at et incidunt repudiandae nihil sint. Earum quibusdam corrupti voluptatem quas.', '2021-02-15 23:46:56', '2021-02-15 23:57:16'),
(381, 13, 68, 'Sapiente corporis incidunt necessitatibus quisquam voluptatum. Et animi quod accusamus aut. Praesentium recusandae non minima consequuntur commodi accusamus expedita. Autem reprehenderit et dolorem et ipsum.', '2021-02-15 23:46:57', '2021-02-15 23:57:16'),
(382, 21, 68, 'Eos facere repellendus ea. Occaecati animi tempora numquam. At et aperiam ab quod tempore corrupti qui id. Eligendi et repellendus tempore ut ipsum incidunt.', '2021-02-15 23:46:58', '2021-02-15 23:57:16'),
(383, 23, 68, 'Qui et laborum dolorem earum cumque alias nemo. Alias nostrum ut temporibus labore incidunt. Numquam laborum aliquam provident ut enim aut.', '2021-02-15 23:46:59', '2021-02-15 23:57:16'),
(384, 18, 69, 'Ullam dolorum quisquam consequatur officia quia.', '2021-02-15 23:47:00', '2021-02-15 23:57:16'),
(385, 9, 70, 'Voluptatem vero quam omnis vitae molestias rerum. Distinctio nulla voluptas dolorem deserunt omnis et. Nesciunt magnam qui voluptatem voluptate dolorum. Sunt omnis temporibus et eos tenetur sit qui.', '2021-02-15 23:47:01', '2021-02-15 23:57:16'),
(386, 19, 70, 'Sequi atque aperiam saepe omnis odio. Quia rem maiores aut eligendi. Qui quisquam sit autem atque fugit.', '2021-02-15 23:47:02', '2021-02-15 23:57:16'),
(387, 17, 70, 'Doloribus aut quia sit consequuntur perspiciatis recusandae laboriosam. Optio qui consequatur at unde occaecati. Qui in molestias laborum est. Eveniet non fugiat et.', '2021-02-15 23:47:03', '2021-02-15 23:57:16'),
(388, 10, 70, 'Aut saepe tempora laudantium qui aliquid eius. Et molestiae qui deserunt et. Aut dolorem eaque eius est ad nihil. Consequatur non eius totam iure enim.', '2021-02-15 23:47:04', '2021-02-15 23:57:16'),
(389, 25, 70, 'Est tempora vel in qui.', '2021-02-15 23:47:05', '2021-02-15 23:57:16'),
(390, 23, 70, 'Omnis corporis natus sed dignissimos et. Minima quo nemo omnis.', '2021-02-15 23:47:06', '2021-02-15 23:57:16'),
(391, 24, 70, 'Saepe omnis sint totam natus. Et aut rerum id provident. Eveniet qui eos et officiis maxime vitae. In facere provident impedit qui ipsum aut. Ducimus aliquid facere odio est molestiae. Dolores id est consequuntur vitae excepturi ut expedita.', '2021-02-15 23:47:07', '2021-02-15 23:57:16'),
(392, 5, 70, 'Delectus voluptas magni sed sit.', '2021-02-15 23:47:08', '2021-02-15 23:57:16'),
(393, 18, 71, 'Sint vero praesentium asperiores. Id ad rerum enim occaecati tempore. Repudiandae quia dolorum illo similique a labore repellendus.', '2021-02-15 23:47:09', '2021-02-15 23:57:16'),
(394, 10, 71, 'Iste tempore hic omnis fugit rerum autem. Est architecto quo quae rerum ex dicta inventore. Vel ut quis sapiente magnam praesentium nemo ipsa tempore.', '2021-02-15 23:47:10', '2021-02-15 23:57:16'),
(395, 4, 71, 'Et rem minus velit est. Adipisci porro laboriosam autem. Esse quia qui voluptatum in dicta quidem non. Qui nesciunt et blanditiis.', '2021-02-15 23:47:11', '2021-02-15 23:57:16'),
(396, 10, 71, 'Error ut esse dolorem at velit omnis vel suscipit. Itaque amet tempore corrupti voluptatem est tenetur doloribus. Ducimus et laboriosam magnam voluptatem.', '2021-02-15 23:47:12', '2021-02-15 23:57:16'),
(397, 8, 71, 'Ullam eos rem corrupti in dolorum accusamus in. Et debitis sit perspiciatis aperiam omnis. Tempore et officia eaque hic.', '2021-02-15 23:47:13', '2021-02-15 23:57:16'),
(398, 20, 71, 'Itaque id ullam culpa. Eligendi exercitationem labore velit atque est. Aut dolores aut molestiae placeat sit illo tempora. Veniam porro est dolor ut animi maiores.', '2021-02-15 23:47:14', '2021-02-15 23:57:16'),
(399, 22, 72, 'Praesentium provident dolores quia esse ut aliquid quae libero. Veritatis consequatur facilis aut porro voluptatem. Officiis architecto et sed.', '2021-02-15 23:47:15', '2021-02-15 23:57:16'),
(401, 5, 73, 'Iste et ratione ducimus sed expedita assumenda eligendi. Placeat consequuntur ut ut dolores. Sint nemo distinctio soluta est dolorem est et qui. Sit cum quod maiores. Adipisci non nulla qui earum autem consequatur. Beatae et dolores similique sit.', '2021-02-15 23:47:17', '2021-02-15 23:57:16'),
(402, 20, 73, 'Quis quibusdam nulla nostrum odit illo ullam. Dolorum quisquam minima et quia aut quo architecto. Unde officia qui nihil expedita dolorem consequatur id inventore. Qui et sequi corporis exercitationem ut odio amet. Ducimus autem voluptatibus deleniti tempora et odio sit. Ipsum illo voluptas distinctio qui quos. Ut temporibus adipisci occaecati inventore.', '2021-02-15 23:47:18', '2021-02-15 23:57:16'),
(403, 18, 74, 'Libero voluptas deleniti ducimus aliquid ad. Officia dolorum eveniet vel. Ut possimus reprehenderit soluta debitis cupiditate earum ipsa. Non ut nisi ducimus amet repellat.', '2021-02-15 23:47:19', '2021-02-15 23:57:16'),
(404, 13, 74, 'In eos rerum et quisquam facilis inventore. Sed repudiandae sint sint voluptas dolorum iste saepe corporis. Ut deserunt et odit perspiciatis quos laborum natus rerum. Voluptatum molestiae aut reiciendis qui sapiente. Ut qui nisi sit.', '2021-02-15 23:47:20', '2021-02-15 23:57:16'),
(405, 23, 74, 'Et reprehenderit necessitatibus saepe expedita totam. Est nostrum beatae odio ut officiis. Incidunt vel quis est aspernatur a sint aut. Sed occaecati quis quasi expedita.', '2021-02-15 23:47:21', '2021-02-15 23:57:16'),
(406, 22, 74, 'Tempora quaerat earum beatae hic esse enim. Ullam cumque aut ratione molestiae. Dolorum culpa qui dolorem reprehenderit mollitia temporibus. Iusto eveniet voluptas placeat sint voluptas. Soluta enim unde et est.', '2021-02-15 23:47:22', '2021-02-15 23:57:16'),
(407, 8, 74, 'Laboriosam libero perferendis nisi nihil pariatur. Velit adipisci distinctio inventore consequatur ut rerum et doloremque. Aliquid architecto tempore dolorem in nam repellendus dolorem doloribus. Velit sunt molestiae tenetur et et.', '2021-02-15 23:47:23', '2021-02-15 23:57:16'),
(408, 22, 74, 'Sunt nisi ducimus eos laboriosam impedit itaque. Neque voluptas hic eum.', '2021-02-15 23:47:24', '2021-02-15 23:57:16'),
(409, 8, 74, 'Laborum quas nemo sunt aliquam ex omnis deserunt quo. Et animi incidunt nesciunt sunt officia assumenda. Adipisci harum itaque error. Reiciendis rerum omnis provident repellendus eius. Adipisci facere id quod tempora quis enim.', '2021-02-15 23:47:25', '2021-02-15 23:57:16'),
(411, 10, 74, 'Rerum dicta aut deserunt et ducimus aperiam. Ab atque at minus. Culpa magnam distinctio qui dicta sunt vitae et.', '2021-02-15 23:47:27', '2021-02-15 23:57:16'),
(412, 8, 74, 'Tempora voluptates ipsam porro dolore dolorum consequatur dicta tenetur. Laboriosam ab excepturi et incidunt.', '2021-02-15 23:47:28', '2021-02-15 23:57:16'),
(414, 7, 75, 'Tenetur qui maxime sint dolor omnis est. Excepturi non aut vel in. Facilis laboriosam omnis quia ab provident aut. Voluptatibus et expedita omnis aut minus nesciunt harum. Quis qui ipsam consequatur ratione.', '2021-02-15 23:47:30', '2021-02-15 23:57:16'),
(415, 22, 75, 'Voluptas eos id quia magni quasi. Aperiam tempore ullam eum rerum expedita ratione beatae quos. Atque beatae quibusdam eveniet odit. Libero est id molestiae iusto ipsam aut quia. Et beatae iste omnis sit numquam ex consequatur.', '2021-02-15 23:47:31', '2021-02-15 23:57:16'),
(416, 21, 75, 'Nam est quos quod assumenda sit. Aut provident quia dicta. Numquam mollitia aut exercitationem animi. Eveniet repellat in qui. Eos eos pariatur consequatur ut. Molestiae tempore iure dolorem aliquam aperiam sapiente possimus.', '2021-02-15 23:47:32', '2021-02-15 23:57:16'),
(417, 19, 75, 'Vel autem itaque molestiae voluptas. Vitae qui soluta quia suscipit. Aliquid recusandae velit doloremque deleniti sapiente labore dolorem. Et hic et quo possimus quibusdam.', '2021-02-15 23:47:33', '2021-02-15 23:57:16'),
(418, 6, 76, 'Qui ducimus voluptas amet quo. Possimus ipsam consequatur quo odit sit dolores fugiat non.', '2021-02-15 23:47:34', '2021-02-15 23:57:16'),
(419, 16, 76, 'Quasi consequatur soluta deleniti quod. A sed asperiores consequatur voluptate dolorem. Quia quo fugiat sapiente assumenda. Provident aliquam beatae non aut dolorem quae. Natus sapiente quas qui est corporis. Nisi rem similique vitae dignissimos facere earum explicabo.', '2021-02-15 23:47:35', '2021-02-15 23:57:16'),
(420, 7, 76, 'Vitae amet sit veniam. Quo dolore suscipit vitae eius.', '2021-02-15 23:47:36', '2021-02-15 23:57:16'),
(421, 22, 76, 'Pariatur quis voluptatem suscipit quod. Sunt ipsam totam aspernatur aut. Nobis dolor et expedita ea eligendi perferendis. Placeat repudiandae provident porro perferendis distinctio.', '2021-02-15 23:47:37', '2021-02-15 23:57:16'),
(422, 20, 76, 'Iusto ad in harum. Cupiditate qui beatae officiis. Quia enim iusto numquam sit. Facere debitis labore voluptas doloremque dicta.', '2021-02-15 23:47:38', '2021-02-15 23:57:16'),
(423, 19, 76, 'Vero occaecati qui nisi debitis eum incidunt. Facere distinctio corporis laudantium occaecati explicabo. Ab temporibus molestiae debitis deserunt consectetur in. Aut et sint quis corrupti dolores est consequatur saepe. Enim modi et quasi et. Iusto eum fuga accusantium aspernatur dolorum. Dolor unde odit et non corporis dolor libero.', '2021-02-15 23:47:39', '2021-02-15 23:57:16'),
(424, 22, 76, 'Quam iusto voluptatum et cum ea facere commodi. Recusandae odit quisquam rerum rem. Voluptas deleniti eum deserunt modi fuga. Dolorum nihil laborum aperiam perspiciatis eveniet.', '2021-02-15 23:47:40', '2021-02-15 23:57:16'),
(425, 8, 76, 'Inventore labore non possimus asperiores. Vitae quis dicta et. Temporibus vel nulla et in. Molestiae aperiam illum dolor veniam quis dolor laboriosam. Quo earum nisi fuga. Velit hic laudantium sed laudantium perferendis perferendis repudiandae nemo. Praesentium sint perferendis explicabo modi recusandae ducimus quibusdam.', '2021-02-15 23:47:41', '2021-02-15 23:57:16'),
(426, 5, 76, 'Soluta molestias dolor eos sed distinctio. Sint esse doloribus sunt consequuntur voluptatem est consequuntur cum. Sapiente accusantium odio dolorem expedita accusantium illo. Amet nobis deleniti a. Voluptatibus ut ut aut cumque sunt sit aut repellendus. Eligendi itaque deserunt voluptates facilis. Natus suscipit dolor est pariatur quia at ut. Qui placeat accusamus non praesentium aperiam consectetur.', '2021-02-15 23:47:42', '2021-02-15 23:57:16'),
(427, 13, 77, 'Delectus beatae aut qui consequatur minima qui. Quo aut in aut aut eius voluptate.', '2021-02-15 23:47:43', '2021-02-15 23:57:16'),
(428, 11, 77, 'Dolorem explicabo accusantium nemo in laudantium. Illo facere maiores similique nihil a ut. Consequatur quibusdam est eum sapiente atque voluptatem perferendis. Sunt est aliquid voluptates. Non aut excepturi velit velit ut. Quia laborum voluptatem assumenda quasi consequatur.', '2021-02-15 23:47:44', '2021-02-15 23:57:16'),
(429, 11, 77, 'Omnis delectus temporibus aut. Voluptate id modi iure qui totam et.', '2021-02-15 23:47:45', '2021-02-15 23:57:16'),
(430, 6, 77, 'Dignissimos minus est rerum ad distinctio ut laboriosam. Sunt pariatur tempore praesentium voluptatem dolorum qui consequatur. Sit laborum expedita nam et ducimus sit consequatur.', '2021-02-15 23:47:46', '2021-02-15 23:57:16'),
(431, 12, 77, 'Atque sunt similique consequatur sit ut consequuntur quis. Rem quis ipsa sunt id. Ad corrupti atque reiciendis exercitationem eos et. Molestiae occaecati voluptatem quo nemo magnam sint.', '2021-02-15 23:47:47', '2021-02-15 23:57:16'),
(432, 4, 77, 'Qui dolorum soluta sint eum occaecati quaerat. Iure reiciendis maiores impedit dolores aut cum. Velit maxime recusandae beatae inventore sunt et.', '2021-02-15 23:47:48', '2021-02-15 23:57:16'),
(433, 7, 77, 'Qui nostrum alias totam neque ratione doloremque. Enim et blanditiis quaerat voluptate. Quas velit ducimus ullam consequuntur fugit. Itaque rerum ratione architecto pariatur saepe. Dolor sed in perspiciatis distinctio et.', '2021-02-15 23:47:49', '2021-02-15 23:57:16'),
(434, 10, 78, 'Dolorem quia ipsa sunt qui dolores veritatis non alias. Aspernatur accusamus eum sint exercitationem illum quaerat. Quia voluptas aut exercitationem recusandae nostrum.', '2021-02-15 23:47:50', '2021-02-15 23:57:16'),
(435, 13, 78, 'Ducimus sed nisi sint. Laboriosam dolores in temporibus autem adipisci vitae. Ducimus excepturi impedit ipsam sint veniam. Esse magni omnis corrupti veniam. Itaque deleniti quos eius dolores.', '2021-02-15 23:47:51', '2021-02-15 23:57:16'),
(436, 10, 78, 'Dolore officiis ad ea quia et necessitatibus. Excepturi vero molestias tempore nobis voluptatum aperiam ipsam. Sunt sit ea nulla autem distinctio illo quia. Ex aut et veritatis voluptatem. Nisi ut sed ipsam sed esse sit qui. Qui sint excepturi error vel aperiam.', '2021-02-15 23:47:52', '2021-02-15 23:57:16'),
(437, 15, 78, 'Enim sed quaerat quo ipsam itaque nulla. Reprehenderit quo voluptas nihil voluptatem eius.', '2021-02-15 23:47:53', '2021-02-15 23:57:16'),
(438, 14, 78, 'Deleniti et possimus ullam reprehenderit minima. Et vero cumque nam id aperiam qui.', '2021-02-15 23:47:54', '2021-02-15 23:57:16'),
(439, 7, 78, 'Optio et sequi consequatur est similique modi deleniti beatae. Expedita rerum architecto autem maxime mollitia praesentium reprehenderit.', '2021-02-15 23:47:55', '2021-02-15 23:57:16'),
(440, 18, 78, 'Ipsa dolorum aut qui consequuntur. Ducimus nihil rerum quibusdam iste. Voluptates nam eius consequatur et. Minus quam itaque alias aut est illum.', '2021-02-15 23:47:56', '2021-02-15 23:57:16'),
(441, 13, 78, 'Qui amet distinctio et esse aut corporis quia eveniet. Consequatur culpa neque ex animi est ut. Soluta itaque dolorem consectetur reprehenderit minima maxime vel. Omnis delectus quibusdam reprehenderit tempora distinctio architecto.', '2021-02-15 23:47:57', '2021-02-15 23:57:16'),
(443, 24, 79, 'Illum consequatur labore iure id dolorum molestiae id. Id veniam non et est enim aut beatae. Qui veniam adipisci occaecati magni. Nam corporis quas occaecati libero nihil eaque ullam.', '2021-02-15 23:47:59', '2021-02-15 23:57:16'),
(444, 13, 79, 'Sapiente quia consequuntur quia quidem sunt.', '2021-02-15 23:48:00', '2021-02-15 23:57:16'),
(445, 4, 79, 'Omnis modi ex quia et. Suscipit ea natus dignissimos soluta natus aspernatur. Modi voluptatem sed est nulla rem placeat. Quisquam quas ipsam tempora sequi nemo ex odit est.', '2021-02-15 23:48:01', '2021-02-15 23:57:16'),
(446, 24, 79, 'Eum maxime id esse ullam. Laudantium neque voluptate est eveniet nulla qui.', '2021-02-15 23:48:02', '2021-02-15 23:57:16'),
(447, 12, 79, 'Dolorem corrupti repellat itaque exercitationem fugit modi qui voluptas. Sequi neque id voluptates. Illum ut aut inventore similique porro eveniet ut. Hic voluptatibus itaque accusamus saepe laboriosam adipisci. Aut rerum eaque porro.', '2021-02-15 23:48:03', '2021-02-15 23:57:16'),
(448, 10, 79, 'Dolore veritatis autem quia. Praesentium facilis sit architecto. Aut aliquam similique vitae amet officia blanditiis voluptas ratione. Fugit perspiciatis iste vel recusandae ad soluta sequi voluptatem. Optio ipsam eaque corrupti odio ea quos. Est repudiandae maxime et reiciendis aut facilis.', '2021-02-15 23:48:04', '2021-02-15 23:57:16'),
(449, 18, 79, 'Itaque velit cumque quae explicabo quaerat perferendis.', '2021-02-15 23:48:05', '2021-02-15 23:57:16'),
(450, 14, 79, 'Aut assumenda voluptas et aperiam magni veniam. Perspiciatis minima repellat repudiandae aut voluptatibus dicta possimus.', '2021-02-15 23:48:06', '2021-02-15 23:57:16'),
(451, 22, 80, 'Praesentium temporibus consequuntur pariatur explicabo corporis tenetur. Cumque quidem at repellendus dicta qui ex eos. Voluptatem voluptatem saepe quae dicta. Accusamus expedita fuga cumque at. Eum enim magni et velit libero molestiae. Omnis nemo nam laborum corporis dolorem quas. Tenetur eum dolore ut in possimus repellat.', '2021-02-15 23:48:07', '2021-02-15 23:57:16'),
(453, 5, 80, 'Atque aperiam iste sint illo ipsam. Ducimus iusto veniam repudiandae vel. Et possimus veritatis accusamus. Ea ratione voluptatibus voluptatem expedita eaque aut.', '2021-02-15 23:48:09', '2021-02-15 23:57:16'),
(455, 25, 80, 'Officia quos quas natus assumenda eos. Recusandae mollitia nulla dolorem quo officia perferendis deserunt. Laboriosam eveniet quasi corrupti qui officia praesentium. Exercitationem et eum omnis ex voluptas.', '2021-02-15 23:48:11', '2021-02-15 23:57:16'),
(456, 24, 80, 'Et consequatur in error eius similique veritatis eaque. Et unde illo tempora non. Dolores dolor quos impedit voluptates mollitia assumenda reprehenderit nisi. Facilis impedit dolorum est eligendi quo qui vero. Sit aut cum molestiae quas enim impedit.', '2021-02-15 23:48:12', '2021-02-15 23:57:16'),
(457, 11, 80, 'Labore accusantium qui culpa non quas doloremque. Modi repellat consequuntur quisquam id ex. Consectetur numquam aut ad omnis autem repellat. Libero voluptas iure veniam incidunt impedit corporis voluptates alias.', '2021-02-15 23:48:13', '2021-02-15 23:57:16'),
(459, 25, 80, 'Ut id laudantium ut et dolores. Voluptatem architecto sed doloribus accusamus maiores assumenda et et. Ut autem voluptatem perferendis illo. In et voluptatibus doloremque vel qui. Dignissimos tempore ad doloremque. Quia saepe autem quia commodi rerum itaque tempora amet. Quia ducimus ea est est.', '2021-02-15 23:48:15', '2021-02-15 23:57:16'),
(460, 19, 81, 'Facere dignissimos nesciunt id. Excepturi est illum quam. Ad maxime voluptas voluptas nesciunt incidunt eum. Ducimus qui eius sit ut ab accusantium dolorem.', '2021-02-15 23:48:16', '2021-02-15 23:57:16'),
(464, 25, 82, 'Natus veritatis vel inventore veritatis ut rerum quibusdam. Molestias eum velit et nostrum illum aliquam. Non modi delectus amet. Sunt incidunt aut commodi sit laboriosam dignissimos. Ea magni minus sint impedit veniam porro minus autem. Sunt qui enim cupiditate fugit illo neque dolorem. Dolorem quo cumque aut et tempora eius blanditiis.', '2021-02-15 23:48:20', '2021-02-15 23:57:16'),
(465, 10, 82, 'Veritatis vel necessitatibus illo voluptas et. Non repudiandae aperiam sequi voluptatum explicabo dolor sit illum. Sed perferendis autem in laboriosam tempore. Velit libero vel iste laudantium non accusamus. Quidem quae impedit aut.', '2021-02-15 23:48:21', '2021-02-15 23:57:16'),
(466, 22, 82, 'Quia animi omnis non voluptates architecto rerum ut amet. Veniam corporis eum ut suscipit. Aperiam vitae dolor delectus laudantium voluptatem. Porro tempora et incidunt asperiores repudiandae et assumenda. Dolorem omnis ut itaque ea.', '2021-02-15 23:48:22', '2021-02-15 23:57:16'),
(468, 16, 82, 'Quae qui ut corporis sapiente. Eum autem nemo doloremque quis. Illum sunt ea atque non qui id consequuntur omnis. Expedita vel id sapiente dolores dignissimos et deleniti. Voluptatibus cumque qui aut aperiam vitae.', '2021-02-15 23:48:24', '2021-02-15 23:57:16'),
(469, 8, 82, 'Reiciendis dicta aut nisi ut. Asperiores dignissimos sequi corrupti aut porro. Iste nobis quis labore ut corrupti repellendus. Alias et incidunt fugiat id quia. Magnam et laborum omnis placeat qui dolorem. Qui asperiores voluptatum velit omnis eaque fugiat. Ut ea facilis rem.', '2021-02-15 23:48:25', '2021-02-15 23:57:16'),
(470, 11, 83, 'Veritatis aut vero sed ut optio rem. Excepturi rerum nobis cum ut quae soluta odit.', '2021-02-15 23:48:26', '2021-02-15 23:57:16'),
(471, 19, 84, 'Qui provident sed nostrum.', '2021-02-15 23:48:27', '2021-02-15 23:57:16'),
(473, 24, 84, 'Ut enim nobis est vel ullam. Qui voluptatibus rerum neque vel. Et repellendus sequi alias pariatur illum. Deleniti ullam nulla vero quaerat itaque.', '2021-02-15 23:48:29', '2021-02-15 23:57:16'),
(474, 22, 84, 'Deleniti sint sunt illum inventore sit perferendis aut. Nihil voluptate et et qui debitis dignissimos necessitatibus quis. Assumenda quia accusantium modi aspernatur.', '2021-02-15 23:48:30', '2021-02-15 23:57:16'),
(475, 4, 84, 'Reiciendis corrupti quibusdam ut dolores et tempore neque. Officia fugiat repudiandae quam voluptas voluptas velit quia. Alias vel tempora distinctio porro voluptate reiciendis tenetur. Repellendus commodi consequatur vitae est voluptatum saepe. Praesentium labore illo laboriosam. Reprehenderit accusantium aperiam ut alias numquam commodi sed.', '2021-02-15 23:48:31', '2021-02-15 23:57:16'),
(476, 22, 84, 'Facilis numquam quaerat similique fuga a voluptatem. Laudantium sequi ipsam accusamus tempore laudantium iusto aut. Voluptas ea aliquid magni omnis ullam. Repellat non voluptatem blanditiis placeat molestiae ea.', '2021-02-15 23:48:32', '2021-02-15 23:57:16'),
(477, 17, 85, 'Voluptate officiis atque occaecati culpa qui soluta. Vel quis expedita beatae voluptatem harum voluptas impedit. Corrupti et ipsam error maiores. Dolor aut est ea. Autem explicabo officiis sunt voluptatem. Consequuntur veniam non ea quidem. Velit possimus placeat voluptatem et assumenda fugit.', '2021-02-15 23:48:33', '2021-02-15 23:57:16'),
(478, 19, 85, 'Labore magnam debitis sit dolorem sunt fuga quaerat tempore.', '2021-02-15 23:48:34', '2021-02-15 23:57:16'),
(479, 23, 85, 'Et iusto rerum sint iste voluptatum nisi. Ut quis est voluptas illum. Ullam ut laboriosam eum magnam enim odio. Doloremque aliquam quo voluptatem ut dolores. Laudantium sit molestias delectus cupiditate ea debitis.', '2021-02-15 23:48:35', '2021-02-15 23:57:16'),
(480, 13, 85, 'Provident quam a et eligendi provident occaecati. Quae aut enim dolor eligendi harum.', '2021-02-15 23:48:36', '2021-02-15 23:57:16'),
(481, 8, 85, 'Placeat sit laboriosam mollitia qui minima. Voluptatem rem minus veniam odio. Quas ut commodi quasi unde velit.', '2021-02-15 23:48:37', '2021-02-15 23:57:16'),
(483, 8, 85, 'Dolores nisi vel praesentium perspiciatis dicta velit. Beatae tenetur voluptas et illum voluptates voluptatem earum. Quam optio voluptates sunt qui. Quas at eum sed et ea neque earum.', '2021-02-15 23:48:39', '2021-02-15 23:57:16'),
(487, 21, 86, 'Porro voluptatibus ut et aut molestiae quibusdam aut. Quaerat illo id explicabo quaerat fugiat.', '2021-02-15 23:48:43', '2021-02-15 23:57:16'),
(488, 11, 86, 'Cupiditate quas numquam culpa. Porro natus soluta voluptas eos ipsa animi suscipit ut. Dolores reiciendis voluptas et minima. Modi minus corporis quis.', '2021-02-15 23:48:44', '2021-02-15 23:57:16'),
(489, 4, 86, 'Aut ducimus voluptatem qui tempora vel ducimus itaque. Sint quia et sint. Vitae placeat odit veniam eaque totam nam iusto. Alias deserunt voluptas et vel recusandae.', '2021-02-15 23:48:45', '2021-02-15 23:57:16'),
(490, 25, 86, 'Iure deleniti fuga rerum laborum. Eum occaecati et dolore sit. Dolorem ducimus sed saepe doloribus voluptatem cupiditate beatae. Esse eum dolor rem enim earum sint fuga. Eos numquam adipisci libero libero veniam sit omnis.', '2021-02-15 23:48:46', '2021-02-15 23:57:16'),
(491, 13, 87, 'Ullam quis ut sit sint aut. Nihil est repudiandae debitis nulla unde optio. Sit porro quisquam labore sit adipisci omnis dolores dolorem.', '2021-02-15 23:48:47', '2021-02-15 23:57:16'),
(492, 9, 87, 'Molestiae ut iste eos adipisci id sapiente. Non iste illo doloribus dolores quia sunt aspernatur. Sit est eum perferendis quia voluptatem sequi. Quia quo asperiores voluptas animi.', '2021-02-15 23:48:48', '2021-02-15 23:57:16'),
(494, 21, 87, 'Voluptatem tempore minima omnis amet aut ab eaque sit. Doloribus et accusamus animi amet culpa beatae rem. Voluptatibus laborum non vel a. Possimus et enim distinctio consectetur. Sit iste sed omnis consectetur neque dolor.', '2021-02-15 23:48:50', '2021-02-15 23:57:16'),
(495, 5, 87, 'Sit accusantium dolores quo vero et eos. Similique omnis sint est laboriosam eos exercitationem dolorem. Et dolores est voluptatem iusto. Recusandae recusandae accusantium iure porro quod nesciunt fugit.', '2021-02-15 23:48:51', '2021-02-15 23:57:16'),
(496, 7, 88, 'Laboriosam voluptates recusandae quis. Voluptas amet unde nemo et provident totam.', '2021-02-15 23:48:52', '2021-02-15 23:57:16'),
(497, 12, 88, 'Ullam aut vel et modi. Quae corporis dolor quis ipsum ad aperiam. Voluptatem ut nulla incidunt consectetur in voluptatem. Aut eum officia rem dolorum veritatis aut porro. Et placeat minima omnis saepe exercitationem distinctio. Exercitationem omnis expedita molestiae sed molestiae nisi similique.', '2021-02-15 23:48:53', '2021-02-15 23:57:16'),
(498, 10, 88, 'Cum fuga enim officia voluptatum nesciunt ut delectus. In dolore vel qui quia saepe. Aut amet aut ipsum ut. Debitis non excepturi repellendus voluptatem est dicta. Possimus laboriosam unde id sed. Ea laboriosam nesciunt sed ipsa. Aliquid reiciendis illo laborum alias.', '2021-02-15 23:48:54', '2021-02-15 23:57:16'),
(499, 7, 88, 'Saepe incidunt iure error est veniam error. Ipsum rerum similique non dolorum aut ut repellendus sequi. Sunt accusamus aut voluptatem quas magnam. Nulla expedita alias saepe vel pariatur.', '2021-02-15 23:48:55', '2021-02-15 23:57:16'),
(500, 23, 88, 'Doloremque nobis laudantium voluptatum tenetur velit. Dolores error repellat ab.', '2021-02-15 23:48:56', '2021-02-15 23:57:16'),
(501, 19, 89, 'Natus sint quis pariatur esse ab perspiciatis. Architecto necessitatibus omnis in quia sed veritatis.', '2021-02-15 23:48:57', '2021-02-15 23:57:16'),
(502, 22, 89, 'Nobis sed reprehenderit consequuntur ut. Aut deleniti dolores tempora nesciunt minima. Nam eum nihil tempore facilis harum.', '2021-02-15 23:48:58', '2021-02-15 23:57:16'),
(503, 3, 89, 'Voluptatem accusamus est autem quidem. Similique ut temporibus quas inventore quibusdam et. Error delectus quia quidem commodi autem.', '2021-02-15 23:48:59', '2021-02-15 23:57:16'),
(504, 18, 89, 'Iste voluptas qui eaque ea eum voluptas. Aut minima aliquam voluptatem nam omnis nam. Maxime asperiores voluptatum molestiae. At quia neque nihil rem atque harum alias ad.', '2021-02-15 23:49:00', '2021-02-15 23:57:16'),
(505, 22, 89, 'Ut facilis necessitatibus eveniet excepturi. Laudantium id voluptas aut. Vel sunt exercitationem voluptatem ducimus recusandae porro nulla et. Tempore ea aperiam cum et minus dolorem porro.', '2021-02-15 23:49:01', '2021-02-15 23:57:16'),
(506, 16, 89, 'Voluptas id aspernatur soluta veritatis aut autem necessitatibus. Laudantium quia doloremque omnis eum. Quis ratione eveniet debitis provident quae tempore debitis ut.', '2021-02-15 23:49:02', '2021-02-15 23:57:16'),
(507, 23, 89, 'Error non aperiam rem ab laboriosam iusto. Facilis et voluptatibus amet temporibus. Odit deserunt ad maxime mollitia consectetur velit adipisci. Animi qui blanditiis illo dolorem dolorum earum necessitatibus ut.', '2021-02-15 23:49:03', '2021-02-15 23:57:16'),
(508, 14, 89, 'Tenetur est atque laboriosam iusto commodi rerum aut.', '2021-02-15 23:49:04', '2021-02-15 23:57:16'),
(509, 10, 89, 'Ut exercitationem quia quia voluptates et aperiam rem aut. Autem dicta rem eos aut eum molestiae eos libero. Velit eos ut cumque ex.', '2021-02-15 23:49:05', '2021-02-15 23:57:16'),
(510, 24, 90, 'Cumque blanditiis reprehenderit voluptate. Nihil qui alias quia et illum non magni quae. Delectus maxime aut quia vel autem. Enim eligendi repudiandae consequatur.', '2021-02-15 23:49:06', '2021-02-15 23:57:16'),
(511, 9, 90, 'Et consequatur voluptas itaque in dolores. In dicta non voluptas beatae voluptatum fugiat. Magnam quo necessitatibus distinctio rerum. Quis fuga consequatur optio perferendis. In nihil ut esse nam laborum nobis voluptatem. Accusamus eos et corrupti atque. Corporis aut voluptas voluptatibus recusandae neque qui.', '2021-02-15 23:49:07', '2021-02-15 23:57:16'),
(512, 12, 90, 'Atque totam dolorum quod optio voluptates ex maxime doloribus. Totam nemo illum rerum qui sed aut debitis. Tempora est aliquid est nostrum. Deleniti mollitia aut dolorem autem neque.', '2021-02-15 23:49:08', '2021-02-15 23:57:16'),
(513, 21, 90, 'Ut ducimus nihil corrupti tempora doloribus voluptas aliquid. Soluta laboriosam quam esse est.', '2021-02-15 23:49:09', '2021-02-15 23:57:16'),
(514, 15, 90, 'Minus beatae facere aliquid sint ut consequatur voluptatem error.', '2021-02-15 23:49:10', '2021-02-15 23:57:16'),
(515, 13, 90, 'Hic beatae ullam officiis alias expedita sapiente consequatur. Qui aut consequuntur sint eum quam.', '2021-02-15 23:49:11', '2021-02-15 23:57:16'),
(516, 10, 91, 'Amet maiores aliquid tempora ut. Qui similique repellat itaque eos ratione nemo consequatur. Nam mollitia blanditiis quia aperiam pariatur. Nemo nihil pariatur exercitationem laudantium sint quae sit. Voluptas voluptas occaecati quia voluptates voluptas est quo.', '2021-02-15 23:49:12', '2021-02-15 23:57:16'),
(517, 24, 91, 'Exercitationem qui praesentium ex est et. Sapiente cum molestias molestias exercitationem. Molestias ut consequuntur laboriosam in est in.', '2021-02-15 23:49:13', '2021-02-15 23:57:16'),
(518, 16, 92, 'Molestiae maiores ex quia voluptas. Aliquid est iste qui non. Eligendi blanditiis provident illo molestiae necessitatibus amet similique. Iste sapiente et accusantium commodi esse voluptates. Enim quo consequatur sed qui et ut.', '2021-02-15 23:49:14', '2021-02-15 23:57:16'),
(519, 22, 92, 'Voluptas deserunt possimus est eos. Error quaerat nihil placeat ducimus. Inventore laudantium accusamus qui deserunt qui.', '2021-02-15 23:49:15', '2021-02-15 23:57:16'),
(520, 13, 92, 'Adipisci rem nemo dolorem illum dolorem sapiente. Assumenda adipisci qui enim id sit. Sint sunt repellat iure quaerat labore odio provident. Repudiandae ut quisquam commodi.', '2021-02-15 23:49:16', '2021-02-15 23:57:16'),
(521, 3, 92, 'Iusto autem architecto est velit. Omnis hic doloribus mollitia beatae laborum. Assumenda hic asperiores quia est. Velit dolorum cum enim qui est sapiente corporis sit. At id molestiae minus quaerat consectetur eveniet. Magnam quae commodi est nesciunt modi.', '2021-02-15 23:49:17', '2021-02-15 23:57:16'),
(522, 22, 92, 'Nulla minima eius natus corporis. Officiis et suscipit nemo esse. Illum nihil nemo aut accusantium dolore doloremque aut. Ea aut corporis voluptatem unde autem inventore. Eius qui eligendi ut architecto optio repudiandae. Animi quidem officia repellat explicabo.', '2021-02-15 23:49:18', '2021-02-15 23:57:16'),
(523, 10, 92, 'Quae ut animi et quis iure voluptatibus tempora. Repellat et asperiores nostrum cumque tempora dolor. Molestiae ullam veniam quod vel sunt laboriosam.', '2021-02-15 23:49:19', '2021-02-15 23:57:16'),
(524, 4, 93, 'Nihil doloribus minima sit deleniti quisquam qui. Itaque illum et nihil autem.', '2021-02-15 23:49:20', '2021-02-15 23:57:16'),
(525, 21, 93, 'Quidem sit et et inventore beatae sed. Quibusdam voluptatum voluptates rem et ea voluptatum sapiente voluptatem. Dicta non ut repellat velit voluptatum.', '2021-02-15 23:49:21', '2021-02-15 23:57:16'),
(526, 15, 93, 'Animi commodi distinctio possimus est quo voluptas molestias. Minima qui quis inventore perferendis. Voluptatum at a aut et ut tempora.', '2021-02-15 23:49:22', '2021-02-15 23:57:16'),
(528, 22, 93, 'Sit fugiat sed optio distinctio nesciunt. Libero ducimus facere ut corporis soluta asperiores.', '2021-02-15 23:49:24', '2021-02-15 23:57:16'),
(529, 14, 93, 'Omnis vel doloribus odit est delectus ut. Temporibus saepe explicabo optio aut velit doloribus. Quaerat aut vel asperiores veritatis.', '2021-02-15 23:49:25', '2021-02-15 23:57:16'),
(530, 23, 94, 'Omnis earum quo et in voluptas id distinctio laborum. Pariatur sunt nobis explicabo eveniet autem ad voluptatum consequatur.', '2021-02-15 23:49:26', '2021-02-15 23:57:16'),
(531, 3, 94, 'Sequi in nemo error in hic qui. Quia maxime ut ut. Est sit sit eaque dolores totam. Quos soluta nostrum est veniam. Dolorum ab minus blanditiis aut mollitia. Qui id qui repellendus et accusantium incidunt. Sed quis quia provident quam eum et.', '2021-02-15 23:49:27', '2021-02-15 23:57:16'),
(532, 19, 94, 'Suscipit voluptas aliquid modi autem.', '2021-02-15 23:49:28', '2021-02-15 23:57:16'),
(533, 24, 94, 'Laborum possimus voluptate quae magnam. Animi minus eveniet quia pariatur et enim sapiente. Qui architecto molestiae quis in ut. Et consectetur odio est sint laborum deleniti.', '2021-02-15 23:49:29', '2021-02-15 23:57:16'),
(534, 19, 94, 'Beatae exercitationem exercitationem unde reprehenderit ut non quas. Asperiores suscipit sed ut voluptas nemo quia.', '2021-02-15 23:49:30', '2021-02-15 23:57:16'),
(535, 22, 94, 'Nemo qui sequi voluptate nesciunt. Et voluptas nulla aperiam culpa. Dolorum dolor vitae voluptatem a. Repellat mollitia quas atque qui vero.', '2021-02-15 23:49:31', '2021-02-15 23:57:16'),
(536, 16, 94, 'Est et pariatur iusto quia quod. Tenetur ut quasi tenetur delectus cumque est. Omnis consequuntur tenetur sapiente quos. Non illo perferendis dignissimos. Culpa rerum facere ut. Minus doloremque neque rerum et.', '2021-02-15 23:49:32', '2021-02-15 23:57:16'),
(537, 4, 94, 'Facere repellat eaque eos est et facilis sed laborum. Quis hic est quisquam laborum voluptatem magni. Sunt qui et iusto in rem et quo eveniet.', '2021-02-15 23:49:33', '2021-02-15 23:57:16'),
(539, 17, 95, 'Illo sit aliquam cum nihil animi eaque. Vel asperiores deserunt aliquid. Ea eos eum quisquam perferendis earum.', '2021-02-15 23:49:35', '2021-02-15 23:57:16'),
(540, 23, 95, 'Temporibus perspiciatis aut dolore. Et ut id aut ipsa.', '2021-02-15 23:49:36', '2021-02-15 23:57:16'),
(541, 7, 95, 'Dolor delectus voluptate dignissimos consequatur rem minima. Praesentium et molestiae consequatur natus sequi. Nulla porro porro voluptates provident ad voluptatem facere.', '2021-02-15 23:49:37', '2021-02-15 23:57:16'),
(542, 10, 95, 'Aut error quisquam ut molestiae deserunt. Sint velit omnis sunt ea explicabo. Provident ipsum vel quidem sit sit voluptatibus est. Rerum est necessitatibus maxime consequatur sit omnis.', '2021-02-15 23:49:38', '2021-02-15 23:57:16'),
(543, 11, 95, 'Explicabo aspernatur quo totam voluptas aspernatur. Fuga pariatur aut et aliquam ducimus. Deleniti quia voluptas ea neque a et.', '2021-02-15 23:49:39', '2021-02-15 23:57:16'),
(544, 14, 96, 'Possimus beatae itaque ea voluptatum. Assumenda tempore modi velit officiis.', '2021-02-15 23:49:40', '2021-02-15 23:57:16'),
(545, 15, 96, 'Ullam iure aut voluptas et nisi omnis. Deserunt atque rerum provident repudiandae saepe culpa odio. Aut autem veniam minima officia voluptatem fuga accusantium.', '2021-02-15 23:49:41', '2021-02-15 23:57:16'),
(546, 24, 96, 'Rerum quis nobis porro sint sit animi. Autem mollitia et animi. Est cupiditate perferendis quia dignissimos veritatis. Dicta facilis in reiciendis quibusdam repellat. Enim ducimus omnis voluptatem ab consequuntur aliquam.', '2021-02-15 23:49:42', '2021-02-15 23:57:16'),
(547, 6, 96, 'Omnis possimus aut et error aut consequuntur rerum qui. Pariatur quam mollitia quaerat consequatur quia minus nemo voluptatem. Pariatur sit amet autem consequatur dolorum veniam. Voluptates commodi iste vel nulla exercitationem. Earum voluptate voluptate ut tenetur alias accusantium totam.', '2021-02-15 23:49:43', '2021-02-15 23:57:16'),
(549, 14, 97, 'Eius recusandae consectetur ut quis. Praesentium et ut laudantium at. Et qui inventore repudiandae similique. Minus et facere praesentium aliquid. Aliquam atque dolorem et consequatur nulla. Eligendi veniam praesentium perferendis non. Aut voluptatem voluptatem dolore velit.', '2021-02-15 23:49:45', '2021-02-15 23:57:16'),
(550, 6, 98, 'Eos reprehenderit quos sunt velit corporis.', '2021-02-15 23:49:46', '2021-02-15 23:57:16'),
(551, 8, 98, 'Nihil debitis nostrum vel dolorum repudiandae amet. Voluptas dolorem voluptas saepe voluptatum sequi facilis.', '2021-02-15 23:49:47', '2021-02-15 23:57:16'),
(552, 16, 98, 'Nisi ea aut cumque dolorem ut. Non qui tempora tempore explicabo non laborum ut aut. Exercitationem consequatur consequatur ut aut atque aut rerum ut. Animi qui perferendis est et dolores. Voluptatem nostrum mollitia aut quo qui. Quasi explicabo enim adipisci incidunt voluptatum facilis velit. Repellendus sit eveniet odit numquam et nobis consequuntur.', '2021-02-15 23:49:48', '2021-02-15 23:57:16'),
(554, 14, 98, 'Explicabo perspiciatis libero dolor ea perspiciatis.', '2021-02-15 23:49:50', '2021-02-15 23:57:16'),
(555, 14, 98, 'Aut eos modi iusto qui occaecati provident perspiciatis. Quisquam eum consequatur facere fugit doloribus et explicabo. Eaque esse at fugit inventore. Vel provident et illo officiis nesciunt.', '2021-02-15 23:49:51', '2021-02-15 23:57:17'),
(556, 14, 98, 'Perferendis ut dignissimos ab dolores. Nihil ut beatae ipsum totam.', '2021-02-15 23:49:52', '2021-02-15 23:57:17'),
(557, 10, 99, 'Mollitia ullam repellat dicta sit. Deserunt ut cupiditate iure praesentium. Similique similique fugiat et omnis. Nam praesentium est dolore hic. Aliquam ut molestias aut non qui voluptas.', '2021-02-15 23:49:54', '2021-02-15 23:57:17'),
(558, 5, 100, 'Facere ex nihil qui eos. Non cum sint ut quis aut harum. Id eaque cum quis consequuntur illum occaecati laboriosam.', '2021-02-15 23:49:55', '2021-02-15 23:57:17'),
(559, 5, 100, 'Minus sed aspernatur asperiores quam. Incidunt voluptatibus ut fugiat voluptas labore magni mollitia. Dolores repellendus eveniet aut cumque quia. Ut sequi non deleniti.', '2021-02-15 23:49:56', '2021-02-15 23:57:17'),
(560, 3, 101, 'Omnis voluptatem animi aut deserunt placeat. Quo odio unde aliquid sunt animi. Facere ut consequatur ut pariatur et quo nesciunt sit.', '2021-02-15 23:49:57', '2021-02-15 23:57:17'),
(561, 22, 101, 'Maiores eum maxime autem neque hic quisquam. Ad quo accusamus occaecati dolorem sint a voluptas.', '2021-02-15 23:49:58', '2021-02-15 23:57:17'),
(562, 7, 101, 'Voluptas ut aut rerum quisquam. Iste eius quasi nesciunt aut.', '2021-02-15 23:49:59', '2021-02-15 23:57:17'),
(563, 21, 101, 'Voluptas voluptatibus ab enim voluptatem quo. Et eum nihil ut vitae qui recusandae ut magnam. Natus similique laboriosam sed expedita sequi natus laboriosam.', '2021-02-15 23:50:00', '2021-02-15 23:57:17'),
(564, 21, 101, 'Et consequatur consequuntur officia saepe corporis. Neque quisquam repudiandae neque eius aut nisi. Officia maxime dolorem beatae cum accusantium eum voluptatem. Et commodi voluptatem odio enim. Voluptatum accusamus odio aut accusantium modi temporibus quos temporibus.', '2021-02-15 23:50:01', '2021-02-15 23:57:17'),
(565, 9, 101, 'Quas autem aspernatur odio quas atque ex harum. Aliquam est qui nam accusantium fuga. Nobis animi aut dolorum deserunt sit ipsum quia.', '2021-02-15 23:50:02', '2021-02-15 23:57:17'),
(567, 17, 102, 'Et sed veniam quam incidunt. Perferendis et et amet dignissimos esse quam sed.', '2021-02-15 23:50:04', '2021-02-15 23:57:17'),
(568, 18, 102, 'Aliquam aut voluptas sequi aperiam aut iusto. Dolor rerum odio eius in error qui corrupti. Aspernatur et dolorem incidunt dicta beatae. Nobis omnis autem saepe deserunt possimus.', '2021-02-15 23:50:05', '2021-02-15 23:57:17'),
(569, 16, 102, 'Et eaque saepe deleniti similique corrupti. Et natus sit odit atque facilis corporis eveniet. Dolorum qui voluptas et ducimus est. Cumque incidunt aliquid a veritatis voluptatem.', '2021-02-15 23:50:06', '2021-02-15 23:57:17'),
(570, 6, 102, 'Totam quas dolor autem dicta ducimus harum velit. Eos et eum et voluptas quas quidem. Eaque placeat enim suscipit qui.', '2021-02-15 23:50:07', '2021-02-15 23:57:17'),
(571, 7, 102, 'Dolorem ipsam tempore asperiores sed voluptatem. Nam dolorem cumque unde nihil necessitatibus voluptatem similique. Rerum cum tempora consequatur sit.', '2021-02-15 23:50:08', '2021-02-15 23:57:17'),
(572, 24, 103, 'Dolorem sit esse ullam iste eos sunt nesciunt. Impedit architecto cumque qui sapiente reiciendis totam. Ut iure iste ipsum quisquam commodi. Fugit est vel consequuntur odio dolore culpa totam.', '2021-02-15 23:50:09', '2021-02-15 23:57:17'),
(573, 22, 103, 'Excepturi id est aliquam quia et alias inventore.', '2021-02-15 23:50:10', '2021-02-15 23:57:17'),
(575, 9, 103, 'Distinctio animi ea ducimus ab autem cum voluptatum. Unde inventore et sint ducimus voluptatem inventore. Laborum illo nihil cumque deserunt. Error aliquid ut in eos repellendus qui. Ea sapiente vitae ipsam deleniti vitae. Aut iure commodi molestias qui nihil laudantium animi.', '2021-02-15 23:50:12', '2021-02-15 23:57:17'),
(577, 10, 103, 'Quo aut est et blanditiis. Ratione quod sed aperiam consequatur et voluptatibus cum. Sit voluptas ducimus doloribus velit possimus. Corrupti aliquid rerum incidunt libero est est repellat. Doloribus animi dicta ut magni. Sunt nobis rem dolor tempore explicabo fugiat asperiores. Optio culpa quis veniam repellat voluptatibus veniam.', '2021-02-15 23:50:14', '2021-02-15 23:57:17'),
(578, 25, 103, 'Reprehenderit magni vitae libero ducimus velit praesentium debitis. Esse quisquam consequatur delectus fugiat. Iste non sapiente laudantium iste et veritatis provident. Ullam sunt saepe aspernatur beatae sint autem reiciendis.', '2021-02-15 23:50:15', '2021-02-15 23:57:17'),
(579, 7, 103, 'Iusto dicta modi dolore dolore. Odit facere sapiente culpa optio. Repellat est saepe est sunt.', '2021-02-15 23:50:16', '2021-02-15 23:57:17'),
(580, 10, 103, 'Quod numquam odit vero accusantium occaecati assumenda. Quia unde molestiae non ut porro molestiae. Corporis est minus quasi libero. Sunt aut nulla voluptates id quis dolor. Accusantium temporibus voluptatem nostrum est. Soluta similique eligendi facere itaque.', '2021-02-15 23:50:17', '2021-02-15 23:57:17'),
(581, 20, 104, 'Nemo officia exercitationem aut quibusdam in. Distinctio sint qui enim est iure optio harum. Suscipit necessitatibus est iusto ut autem est repellat.', '2021-02-15 23:50:18', '2021-02-15 23:57:17'),
(582, 4, 104, 'Praesentium nisi expedita fugiat a est. Illo nihil dolor reprehenderit.', '2021-02-15 23:50:19', '2021-02-15 23:57:17'),
(583, 23, 104, 'Nisi aut odit aperiam officiis est aut provident.', '2021-02-15 23:50:20', '2021-02-15 23:57:17'),
(584, 22, 105, 'Veritatis autem laudantium vitae rerum. Tempora corrupti beatae iure nihil quas. Rerum dolor error consequatur vitae qui.', '2021-02-15 23:50:21', '2021-02-15 23:57:17'),
(585, 13, 106, 'Voluptatem voluptatibus rerum fuga dolorem. Repellendus voluptatum odio debitis esse est hic ad. Voluptate voluptatibus eaque unde mollitia autem. Voluptatem impedit cum delectus maxime ea. Autem dolorum delectus et ut animi aliquam dolor quaerat. Sapiente quam voluptatum aperiam vel est.', '2021-02-15 23:50:22', '2021-02-15 23:57:17'),
(586, 24, 106, 'Velit culpa et dolores assumenda doloremque. Itaque iste et est quos nemo. Aliquam adipisci asperiores sequi. Rerum excepturi asperiores aut nisi. Eligendi magnam sint in repellendus eius. Ut voluptatem consequuntur beatae quia.', '2021-02-15 23:50:23', '2021-02-15 23:57:17'),
(587, 6, 106, 'Repellat quos error quos animi qui eveniet. Eaque voluptate nam voluptatibus nisi temporibus aut laboriosam.', '2021-02-15 23:50:24', '2021-02-15 23:57:17'),
(588, 12, 106, 'Perspiciatis eum tempora totam in temporibus laborum molestias omnis.', '2021-02-15 23:50:25', '2021-02-15 23:57:17'),
(590, 14, 107, 'Vel ipsam ut placeat dolorem. Voluptas facilis nemo et magni recusandae sint sed. Perspiciatis quidem voluptatem earum. Sit earum odio earum est. Aut assumenda dolores odit ut soluta aut voluptatem veniam.', '2021-02-15 23:50:27', '2021-02-15 23:57:17'),
(591, 17, 108, 'Omnis odit dolorum facere eum aspernatur. Voluptatum necessitatibus nam quo deserunt. Nihil vel quam animi beatae distinctio id corporis. Enim sed reiciendis dolores quod nihil perspiciatis ut.', '2021-02-15 23:50:28', '2021-02-15 23:57:17'),
(592, 3, 108, 'Velit hic eum beatae consectetur et sed. Debitis qui est officiis animi quia occaecati. Impedit eos non quia porro voluptatem. Consequatur sit excepturi quibusdam quam fugit.', '2021-02-15 23:50:29', '2021-02-15 23:57:17'),
(593, 9, 108, 'Fugit itaque quis est dolores sit. Veniam itaque a minus explicabo dignissimos molestias quae.', '2021-02-15 23:50:30', '2021-02-15 23:57:17'),
(594, 7, 108, 'Aut eum velit et aut. Sed aut minima nihil quia voluptas ut consequatur. Deserunt veniam quisquam optio necessitatibus consequatur incidunt. Illo molestiae modi non. Consequatur et numquam repudiandae aut.', '2021-02-15 23:50:31', '2021-02-15 23:57:17'),
(595, 10, 108, 'Et assumenda qui eum. Eius exercitationem omnis natus sunt perferendis quod. Qui at nesciunt labore quae aliquam aut nemo. Perferendis aperiam quia iusto excepturi enim.', '2021-02-15 23:50:32', '2021-02-15 23:57:17'),
(596, 8, 108, 'Eligendi sit facilis eveniet voluptas.', '2021-02-15 23:50:33', '2021-02-15 23:57:17'),
(597, 10, 108, 'Blanditiis aut doloribus sapiente omnis enim accusantium. Dolor enim minus aut id qui molestiae deleniti. Sunt velit nam porro unde at aspernatur. Iusto nihil magnam sed non. Qui neque aperiam veritatis et explicabo qui fuga.', '2021-02-15 23:50:34', '2021-02-15 23:57:17');
INSERT INTO `comments` (`id`, `user_id`, `article_id`, `body`, `created_at`, `updated_at`) VALUES
(598, 9, 108, 'Voluptates adipisci quibusdam ut ut sunt. In quia eum in aut odit.', '2021-02-15 23:50:35', '2021-02-15 23:57:17'),
(599, 25, 109, 'Labore ut repellendus soluta architecto. Quo ab voluptas eos velit dolorem quia. Sint dolore reiciendis quasi natus laboriosam laboriosam culpa. Sed excepturi voluptas culpa dolorem placeat laudantium nemo.', '2021-02-15 23:50:36', '2021-02-15 23:57:17'),
(600, 19, 109, 'Omnis et laudantium perspiciatis perspiciatis reiciendis. Nobis dolorem est nulla quaerat et ut.', '2021-02-15 23:50:37', '2021-02-15 23:57:17'),
(601, 8, 109, 'Ratione at voluptas fuga voluptatem officia. Iusto qui sint incidunt aut quo ut iure. Quidem quia occaecati reiciendis omnis tempora.', '2021-02-15 23:50:38', '2021-02-15 23:57:17'),
(602, 9, 110, 'Et voluptas minus consequatur deleniti. Dolor illo at cum incidunt totam facilis nemo. Ab aut ipsum quae rerum dolor sed. Eligendi ratione est similique minima.', '2021-02-15 23:50:39', '2021-02-15 23:57:17'),
(603, 3, 110, 'Velit hic voluptatem dolores et doloremque fugiat sit. Minima eos labore odit sed. Perferendis quo ut ipsam fuga repellat. In harum et amet qui ipsam. Et ducimus aliquid omnis eum.', '2021-02-15 23:50:40', '2021-02-15 23:57:17'),
(604, 3, 110, 'Sint sed velit distinctio doloremque sapiente est cumque. Sequi enim tempore sint. Asperiores temporibus nesciunt dicta aliquid. Perferendis aut nemo quia delectus minus molestias. Amet qui tempore et dolorem consequatur et. Tenetur quibusdam quis et repellat aut.', '2021-02-15 23:50:41', '2021-02-15 23:57:17'),
(605, 15, 110, 'Dignissimos quia voluptas deleniti. Error exercitationem consectetur ut vel omnis.', '2021-02-15 23:50:42', '2021-02-15 23:57:17'),
(606, 12, 110, 'Voluptate repellat est officiis ut iste qui doloremque. Nihil dolor corrupti rerum voluptatem.', '2021-02-15 23:50:43', '2021-02-15 23:57:17'),
(607, 3, 111, 'Facere sit ea ex dolore optio qui. Voluptas aut magni ipsam ipsum atque. Similique vel perferendis et fuga ratione aut. Distinctio quia hic eveniet quia voluptatibus.', '2021-02-15 23:50:44', '2021-02-15 23:57:17'),
(608, 19, 111, 'Eos voluptates et dolorem maxime libero. Dolorum maiores in voluptatem eos delectus facere. Nulla aliquam sequi molestias perspiciatis voluptatem tempore.', '2021-02-15 23:50:45', '2021-02-15 23:57:17'),
(609, 7, 111, 'Similique a illo omnis veritatis eum. Voluptatem iusto aliquid est est expedita non. Et autem illum adipisci ullam doloribus deserunt. Aut commodi rerum doloremque doloribus.', '2021-02-15 23:50:46', '2021-02-15 23:57:17'),
(610, 11, 111, 'Ut possimus voluptatum expedita beatae. Dolor eligendi ipsam cumque quia. Dolor odit dolorem consectetur rerum exercitationem. Numquam laudantium est sit totam et.', '2021-02-15 23:50:47', '2021-02-15 23:57:17'),
(611, 24, 111, 'Impedit id deserunt quae neque consectetur. Voluptatem quas ea dolor a.', '2021-02-15 23:50:48', '2021-02-15 23:57:17'),
(613, 24, 112, 'Recusandae in vel debitis temporibus. Fugiat id dolorum doloremque quia accusantium dolores.', '2021-02-15 23:50:50', '2021-02-15 23:57:17'),
(614, 22, 112, 'Consequatur aut placeat harum voluptatem et eum facere. Voluptatem magni quas aut non itaque.', '2021-02-15 23:50:51', '2021-02-15 23:57:17'),
(616, 21, 112, 'Deserunt vitae rem rerum itaque. Et nihil quidem minima ut eos sit.', '2021-02-15 23:50:53', '2021-02-15 23:57:17'),
(617, 5, 112, 'Vitae commodi voluptatem ut fuga harum ex.', '2021-02-15 23:50:54', '2021-02-15 23:57:17'),
(618, 17, 112, 'Voluptatem saepe laboriosam beatae nesciunt atque quod.', '2021-02-15 23:50:55', '2021-02-15 23:57:17'),
(619, 24, 112, 'Unde sit quia itaque omnis illo cum. Amet autem nam molestiae doloremque beatae.', '2021-02-15 23:50:56', '2021-02-15 23:57:17'),
(620, 5, 112, 'Porro cupiditate ea enim distinctio. Aspernatur perspiciatis ab culpa voluptate eos omnis esse qui. Qui eius nisi vero distinctio debitis delectus.', '2021-02-15 23:50:57', '2021-02-15 23:57:17'),
(621, 15, 112, 'Repellendus unde itaque aut et et. Odit nam qui nisi laudantium impedit rerum. Facilis quia quis eveniet voluptatem maiores.', '2021-02-15 23:50:58', '2021-02-15 23:57:17'),
(622, 19, 113, 'Commodi assumenda veniam debitis. Commodi nemo suscipit odio dolores. Consequuntur sunt omnis ut tempora. Consequatur vitae voluptatum rerum illum nisi reiciendis sit. Voluptatem ut a aut. Rerum inventore veniam asperiores qui ea.', '2021-02-15 23:50:59', '2021-02-15 23:57:17'),
(623, 9, 113, 'Sunt perspiciatis non incidunt est reprehenderit non dolorem ut. Culpa ea eum possimus autem rerum. Non ut maiores repellendus quis et. Sit non error maiores quis aut tempore ut a. Veniam doloremque quas quibusdam iure debitis sit.', '2021-02-15 23:51:00', '2021-02-15 23:57:17'),
(624, 18, 113, 'Nesciunt dolores ut amet velit.', '2021-02-15 23:51:01', '2021-02-15 23:57:17'),
(625, 6, 113, 'Eos recusandae minima adipisci omnis illum unde. Magni molestias provident ut dolores. Aperiam corporis natus et molestiae temporibus est est. Perspiciatis ut molestiae aspernatur quod ut doloremque eos. Autem praesentium similique laboriosam numquam.', '2021-02-15 23:51:02', '2021-02-15 23:57:17'),
(626, 3, 113, 'Nostrum dolorem autem nihil minima ea esse. Aut nemo fugiat dolorum quo fuga repellat velit. Harum eum iusto molestiae sunt sunt. Optio voluptas magnam quis qui cupiditate maxime sit. Dolores voluptas velit et magnam labore tempora non.', '2021-02-15 23:51:03', '2021-02-15 23:57:17'),
(628, 8, 113, 'Officia sunt et et tempora asperiores. Maxime qui pariatur rerum sit vel.', '2021-02-15 23:51:05', '2021-02-15 23:57:17'),
(629, 20, 113, 'Est laboriosam libero provident facilis voluptatibus. Harum consequatur quae veritatis inventore.', '2021-02-15 23:51:06', '2021-02-15 23:57:17'),
(630, 25, 114, 'Similique ut ducimus et qui. Quas deleniti voluptas cum. Placeat qui cumque iste quis. Culpa veritatis sint tempore officiis. Assumenda velit aut animi.', '2021-02-15 23:51:07', '2021-02-15 23:57:17'),
(631, 7, 114, 'Dolores et aut omnis. Impedit ex quod sit earum et nam quia. Eveniet ad non quas dolorem voluptas fugit non. Commodi et qui fugit possimus eum repellendus.', '2021-02-15 23:51:08', '2021-02-15 23:57:17'),
(632, 4, 114, 'Libero eos aut molestiae perferendis quas et.', '2021-02-15 23:51:09', '2021-02-15 23:57:17'),
(633, 11, 114, 'Esse eos et dolorem dolorem. Sequi facilis magni aut qui dolor delectus. Commodi cum molestiae eligendi ab labore debitis quis. Maxime iste eos sed aut incidunt quis. Nobis est molestias praesentium qui eum.', '2021-02-15 23:51:10', '2021-02-15 23:57:17'),
(634, 8, 114, 'Autem ipsa consequatur ea sunt et libero pariatur voluptas. Eum eum velit rerum mollitia non et repudiandae.', '2021-02-15 23:51:11', '2021-02-15 23:57:17'),
(635, 3, 114, 'Dolor modi corporis qui odit alias. Ea sit occaecati eveniet delectus.', '2021-02-15 23:51:12', '2021-02-15 23:57:17'),
(637, 8, 115, 'Sint laborum odit fugiat laborum minus vitae minima neque. Error quis illum odio ex soluta sequi error.', '2021-02-15 23:51:14', '2021-02-15 23:57:17'),
(638, 12, 115, 'Maxime libero dolorum est iure aut magnam. Nobis et repudiandae et et. Commodi unde qui libero rerum. Rem sunt culpa officia.', '2021-02-15 23:51:15', '2021-02-15 23:57:17'),
(639, 12, 115, 'Explicabo aut porro cum id numquam.', '2021-02-15 23:51:16', '2021-02-15 23:57:17'),
(640, 25, 115, 'Blanditiis ut omnis omnis voluptates itaque. Beatae vero ut non eius voluptate magnam. Repudiandae neque est consequatur est dolores ut qui.', '2021-02-15 23:51:17', '2021-02-15 23:57:17'),
(641, 25, 115, 'Tempora non ab fugiat natus harum. Ut hic magni porro possimus possimus ducimus cum quia.', '2021-02-15 23:51:18', '2021-02-15 23:57:17'),
(642, 25, 115, 'Aut ut voluptate voluptatum tempora aut sed voluptas. Placeat debitis doloremque dolor.', '2021-02-15 23:51:19', '2021-02-15 23:57:17'),
(643, 8, 115, 'Rerum quibusdam possimus facere ab. Ex officia aut aut quasi voluptatibus dolorem non. Dolorum quia molestiae velit ea. Pariatur a odio dolorem doloremque inventore consequuntur nam et. Molestiae voluptas molestiae aut enim. Fugit hic error quia adipisci.', '2021-02-15 23:51:20', '2021-02-15 23:57:17'),
(644, 24, 116, 'Aperiam quod doloribus optio ullam. Eum necessitatibus illo laboriosam. Voluptatem eum voluptas voluptate dolorem laudantium omnis. Voluptas eum vel aliquid delectus.', '2021-02-15 23:51:21', '2021-02-15 23:57:17'),
(646, 15, 116, 'Et commodi sunt culpa deleniti hic voluptas. Sint quia officiis reprehenderit. Cupiditate doloribus nisi aut excepturi cumque. Alias assumenda quas nulla omnis occaecati est.', '2021-02-15 23:51:23', '2021-02-15 23:57:17'),
(647, 14, 116, 'Harum repellat id autem fuga harum. Sit voluptas sed illum consequuntur consequuntur soluta nulla.', '2021-02-15 23:51:24', '2021-02-15 23:57:17'),
(648, 17, 116, 'Consectetur dolorem quis vel quam et. Ut quo nobis accusamus autem consequatur repudiandae. Totam esse illo sunt at consequatur eum ut quia. Tempore et aspernatur nobis vero debitis. Voluptates maiores quia natus odio et. Saepe magnam consectetur ipsam praesentium quaerat et cumque ut. Est deserunt deserunt ullam perferendis vel placeat.', '2021-02-15 23:51:25', '2021-02-15 23:57:17'),
(649, 17, 117, 'Ea deleniti aliquid dolore nesciunt. Dolore odit facere et laborum. Expedita vel explicabo incidunt ea laboriosam et.', '2021-02-15 23:51:26', '2021-02-15 23:57:17'),
(650, 19, 117, 'Nobis assumenda nisi exercitationem soluta dolorum. Deleniti voluptate praesentium itaque deleniti neque. Est aperiam placeat architecto sunt quasi at.', '2021-02-15 23:51:27', '2021-02-15 23:57:17'),
(651, 3, 117, 'Est officia nam consequatur quo aut et iusto iste. Esse quisquam molestias iure.', '2021-02-15 23:51:28', '2021-02-15 23:57:17'),
(652, 3, 117, 'Optio esse qui accusantium molestiae esse.', '2021-02-15 23:51:29', '2021-02-15 23:57:17'),
(653, 5, 117, 'Eaque nesciunt sit nemo et id porro perferendis.', '2021-02-15 23:51:30', '2021-02-15 23:57:17'),
(654, 10, 117, 'Nihil et voluptates iure labore delectus quibusdam qui. Sit inventore atque consequatur quo.', '2021-02-15 23:51:31', '2021-02-15 23:57:17'),
(655, 23, 117, 'Similique voluptatem aut aliquid qui natus cupiditate debitis. Id ut quae ducimus error. Adipisci quasi distinctio recusandae ipsa quam vero soluta. Laudantium sed incidunt voluptates molestias asperiores. Nulla voluptatem sit quibusdam ipsa earum dolorum. Fugit illo ea assumenda sed qui.', '2021-02-15 23:51:32', '2021-02-15 23:57:17'),
(656, 8, 117, 'Commodi sed molestiae ea quis. Esse ipsam ex aliquid autem. Fugiat similique sequi non numquam. Cum aut amet molestiae aspernatur nesciunt vero.', '2021-02-15 23:51:33', '2021-02-15 23:57:17'),
(657, 15, 118, 'Quia id ipsa porro illum voluptates.', '2021-02-15 23:51:34', '2021-02-15 23:57:17'),
(658, 21, 118, 'Sit rerum laboriosam ipsa illum perspiciatis eaque exercitationem. Sed tenetur praesentium qui doloremque adipisci.', '2021-02-15 23:51:35', '2021-02-15 23:57:17'),
(659, 12, 118, 'Iste consequatur tempore non vero ut sed vel. Ut est est vel architecto commodi magni. Nihil eius pariatur consectetur hic voluptate voluptas.', '2021-02-15 23:51:36', '2021-02-15 23:57:17'),
(660, 23, 118, 'Minima culpa aspernatur cumque beatae soluta quam.', '2021-02-15 23:51:37', '2021-02-15 23:57:17'),
(661, 4, 119, 'Itaque quidem cumque praesentium dolor vel rem suscipit. Ut autem ratione temporibus consequatur. Molestiae consequatur doloremque minima. Possimus repellendus autem ut labore. Facilis libero et distinctio est fugit ex. Occaecati aut et itaque corrupti culpa.', '2021-02-15 23:51:38', '2021-02-15 23:57:17'),
(662, 21, 119, 'Fuga sint voluptas quae. Qui odit dolorem excepturi et voluptatum ut. Eum qui pariatur voluptatem natus aut numquam repellendus.', '2021-02-15 23:51:39', '2021-02-15 23:57:17'),
(663, 8, 119, 'Sint commodi suscipit et nihil sit. Nulla porro hic maiores vero consequuntur non voluptatem. Consequuntur consectetur mollitia tenetur sequi nulla. Pariatur rerum porro in id cumque deleniti non. Non omnis reiciendis magnam non voluptatem cum. Nihil quo itaque vel sint.', '2021-02-15 23:51:40', '2021-02-15 23:57:17'),
(664, 11, 119, 'Deleniti quos repudiandae occaecati eaque et laboriosam nisi. Iure et sint nostrum laboriosam omnis ipsam necessitatibus illum. Aut qui cupiditate iste assumenda. Ut eveniet et officia ipsum exercitationem voluptas.', '2021-02-15 23:51:41', '2021-02-15 23:57:17'),
(665, 15, 119, 'Aut aliquid debitis et sequi et nam qui. Odio dicta aliquam atque impedit cupiditate vel voluptatem voluptatem. Cum fugit qui quo vel iure magni.', '2021-02-15 23:51:42', '2021-02-15 23:57:17'),
(666, 21, 119, 'Id voluptatum aliquam consectetur sequi voluptates. Dignissimos harum illum aspernatur aut. Praesentium sed aperiam numquam illum nulla.', '2021-02-15 23:51:43', '2021-02-15 23:57:17'),
(667, 5, 120, 'Sed placeat similique fugiat excepturi autem cumque ut sed. Ullam iure tenetur nostrum voluptate veritatis.', '2021-02-15 23:51:44', '2021-02-15 23:57:17'),
(668, 18, 120, 'Vero dolores dolor ab voluptate qui et aut. Repellendus provident repellat porro quia ut voluptas culpa et. Vel dolorum maxime cupiditate tenetur autem qui vitae. Adipisci numquam sit id quia earum delectus non.', '2021-02-15 23:51:45', '2021-02-15 23:57:17'),
(670, 6, 120, 'Deleniti qui aut nulla. Sed ex harum distinctio est. Quidem non tenetur debitis soluta dolorem. Nihil a ea maiores blanditiis. Et tempora error totam consequatur. Perspiciatis dolores ducimus impedit fuga vero eligendi est dolorem.', '2021-02-15 23:51:47', '2021-02-15 23:57:17'),
(671, 19, 120, 'Aliquam qui sint consectetur eius vel voluptas id.', '2021-02-15 23:51:48', '2021-02-15 23:57:17'),
(672, 9, 120, 'Eius facere doloribus eaque et pariatur. Tempora eius ut labore officiis possimus. Hic atque nobis esse dicta sint. Assumenda dolores aliquid quas et. Nisi laborum error nemo at ea. Qui est ipsum eos commodi excepturi voluptatibus quae. Molestias quaerat totam illum voluptas est alias accusantium.', '2021-02-15 23:51:49', '2021-02-15 23:57:17'),
(673, 6, 120, 'Blanditiis dolores dolore explicabo distinctio qui. Dolorem saepe eligendi recusandae rerum. Est exercitationem harum corporis libero perspiciatis cum. Illum impedit non fugit nihil velit quod consequuntur.', '2021-02-15 23:51:50', '2021-02-15 23:57:17'),
(674, 22, 120, 'Quas unde suscipit et illo officiis. Aliquid temporibus harum fugit exercitationem. Neque accusamus dolores velit aliquam tenetur hic. Culpa rem debitis provident.', '2021-02-15 23:51:51', '2021-02-15 23:57:17'),
(675, 20, 121, 'Perferendis iste officiis voluptas itaque quo ea. Quaerat rem nemo voluptatem itaque mollitia et similique.', '2021-02-15 23:51:52', '2021-02-15 23:57:17'),
(676, 19, 121, 'Qui error quia quia dolorum. Repellat sit eos debitis qui.', '2021-02-15 23:51:53', '2021-02-15 23:57:17'),
(677, 14, 121, 'Perspiciatis voluptate et debitis rerum. Ullam perspiciatis aut non fugit. Impedit necessitatibus rerum rem vitae. Quo id quia deleniti aut.', '2021-02-15 23:51:54', '2021-02-15 23:57:17'),
(678, 20, 121, 'Repellendus odio magnam et alias. Aut earum non voluptatibus iste mollitia blanditiis soluta eos. Dicta fuga et minima modi.', '2021-02-15 23:51:55', '2021-02-15 23:57:17'),
(679, 6, 121, 'Occaecati culpa earum ratione atque sint facilis blanditiis nesciunt. Et incidunt consequuntur quisquam autem eaque quod. Eos molestiae rem et quaerat. Est vero repudiandae libero repellat ut.', '2021-02-15 23:51:56', '2021-02-15 23:57:17'),
(680, 13, 121, 'Porro ut dolorem molestiae nobis expedita neque sit. Earum et nobis incidunt ratione soluta perspiciatis. Blanditiis accusamus excepturi eveniet aut vero repellendus.', '2021-02-15 23:51:57', '2021-02-15 23:57:17'),
(682, 4, 122, 'Quia qui eos consectetur ea ut ad dolores. Est consequatur assumenda sed corrupti voluptatibus non. Fugiat cumque eaque distinctio nesciunt dignissimos. Repellendus ea est sunt iusto. Natus nulla velit consequuntur unde voluptatem. Totam enim ipsum odio.', '2021-02-15 23:51:59', '2021-02-15 23:57:17'),
(683, 18, 122, 'Sit quae quaerat impedit assumenda incidunt exercitationem. Non culpa error exercitationem cum. Maxime et et reprehenderit est quaerat enim accusamus. Commodi recusandae est vel qui non dolorem. Dolorum repudiandae suscipit earum enim quidem. Esse odio quisquam quidem officia maiores laborum corporis blanditiis.', '2021-02-15 23:52:00', '2021-02-15 23:57:17'),
(684, 7, 122, 'Nostrum ipsa quam et aut omnis sint at. Ut neque magnam explicabo deleniti et. Optio in aut saepe eius deserunt.', '2021-02-15 23:52:01', '2021-02-15 23:57:17'),
(685, 4, 122, 'Et exercitationem et doloremque voluptas.', '2021-02-15 23:52:02', '2021-02-15 23:57:17'),
(686, 6, 122, 'Quia et consequatur hic inventore ad est consequatur. Mollitia quia aut non reiciendis dolores.', '2021-02-15 23:52:03', '2021-02-15 23:57:17'),
(687, 4, 122, 'Ullam placeat officia est dolor temporibus. Maxime quae dolor autem. Voluptatem qui est magnam consequuntur ex sunt. Aliquam voluptates sint quis commodi sed illum. Ratione quisquam quis quibusdam id sit sit laudantium.', '2021-02-15 23:52:04', '2021-02-15 23:57:17'),
(688, 17, 123, 'Temporibus dolores corrupti ad molestiae officiis perspiciatis. Assumenda laudantium totam iste non beatae blanditiis. Et exercitationem non quibusdam dignissimos eius tempore qui. Est nostrum culpa ipsam ut officia consequatur. Deleniti consequatur minus cum quidem. Laborum quasi ut reprehenderit voluptatem quia omnis vitae.', '2021-02-15 23:52:05', '2021-02-15 23:57:17'),
(689, 14, 123, 'Tenetur sint porro est quam ullam ipsa distinctio quasi. Voluptatem ut hic magnam qui nemo vero. Accusantium quaerat aut impedit eaque consequatur dolorem placeat ad.', '2021-02-15 23:52:06', '2021-02-15 23:57:17'),
(690, 3, 124, 'Minus commodi voluptate excepturi qui est sunt voluptate. Voluptatem enim eius ut nostrum debitis voluptates.', '2021-02-15 23:52:07', '2021-02-15 23:57:17'),
(691, 9, 124, 'At perspiciatis labore amet dolores explicabo cumque rerum eos. Soluta necessitatibus laudantium possimus adipisci eligendi doloribus provident. Sit qui eveniet officia. Laudantium architecto occaecati nam occaecati sed autem et.', '2021-02-15 23:52:08', '2021-02-15 23:57:17'),
(692, 4, 125, 'Aliquam beatae dicta autem provident vero. Nostrum dolorum amet fugiat neque error facilis id ut. Iure nihil id dolor exercitationem qui. Dolorem molestias qui veritatis eaque est. Officia porro corporis harum illum saepe ullam ipsam. Iure necessitatibus labore omnis atque consequatur. Ullam aut quos dolorem id harum blanditiis.', '2021-02-15 23:52:09', '2021-02-15 23:57:17'),
(693, 22, 125, 'Sed dolores quae eos ducimus optio vel. Totam dolores animi sint quia ratione placeat. Praesentium voluptatem dolore sapiente accusamus repellat eos eos at.', '2021-02-15 23:52:10', '2021-02-15 23:57:17'),
(694, 4, 126, 'Voluptatem et perferendis autem consequatur. Aut dolores quibusdam quo ut. Autem iure impedit porro blanditiis veniam expedita repellat ipsum.', '2021-02-15 23:52:11', '2021-02-15 23:57:17'),
(695, 4, 126, 'A quaerat saepe eligendi id quae eveniet.', '2021-02-15 23:52:12', '2021-02-15 23:57:17'),
(696, 24, 126, 'Excepturi voluptatem suscipit voluptatem voluptas. Et deserunt quidem consequatur.', '2021-02-15 23:52:13', '2021-02-15 23:57:17'),
(697, 14, 126, 'Ratione doloremque temporibus expedita sed quam. Praesentium et quam quasi ut earum iusto. Eum non quos fuga quis incidunt sed.', '2021-02-15 23:52:14', '2021-02-15 23:57:17'),
(699, 5, 126, 'Eos quam aut ad odit nisi cumque. Molestias nihil qui veniam sit iure aut maiores. Voluptates maiores ea cum ipsam repellendus ut libero.', '2021-02-15 23:52:16', '2021-02-15 23:57:17'),
(700, 18, 127, 'Doloremque consequatur cupiditate ut est rerum. Aperiam blanditiis temporibus deserunt ut quia dignissimos quia. Possimus beatae facere repellat vero iure dolorem. Consequuntur eum sapiente placeat exercitationem. Aspernatur neque ea qui cupiditate. Distinctio earum in dolor ratione sed nulla laborum.', '2021-02-15 23:52:17', '2021-02-15 23:57:17'),
(701, 18, 127, 'Aut et facere quisquam sed accusantium sunt necessitatibus excepturi. Voluptate fugit quia consequatur excepturi cupiditate quae voluptatem et. Et pariatur nobis qui accusamus similique quibusdam quia voluptas. Enim necessitatibus et occaecati veritatis id culpa ab.', '2021-02-15 23:52:18', '2021-02-15 23:57:17'),
(702, 14, 127, 'Laboriosam voluptas dicta quia ratione. Explicabo in quia dolor sed.', '2021-02-15 23:52:19', '2021-02-15 23:57:17'),
(703, 8, 127, 'Rerum quia enim id.', '2021-02-15 23:52:20', '2021-02-15 23:57:17'),
(704, 7, 127, 'Inventore unde magni fugiat consequuntur similique ipsa laborum. Illo voluptas at deserunt harum consequuntur dolor ducimus et.', '2021-02-15 23:52:21', '2021-02-15 23:57:17'),
(705, 14, 127, 'Amet sed alias qui velit qui quas expedita. Asperiores facere pariatur officiis minus. Facere illum aut tempore ducimus et. Accusamus facilis dolorum et et mollitia error qui iste. Inventore perferendis laudantium et vel dolores consequatur.', '2021-02-15 23:52:22', '2021-02-15 23:57:17'),
(706, 9, 127, 'Illo est nostrum voluptas nisi ea ut in. Totam laboriosam commodi provident quidem et magni.', '2021-02-15 23:52:23', '2021-02-15 23:57:17'),
(707, 4, 127, 'Voluptatem rem velit officia repudiandae error eveniet. Ut laboriosam optio voluptatem magni. In ex reiciendis voluptas ratione deleniti iusto. Doloribus est est iste reiciendis aut minima dolor. Voluptatem et ea earum deserunt necessitatibus.', '2021-02-15 23:52:24', '2021-02-15 23:57:17'),
(708, 25, 127, 'Possimus esse ea vitae voluptas fuga fugit enim. Exercitationem omnis dicta ab sunt quia. Voluptatem voluptatem dolorem eaque eos. Praesentium modi eaque molestiae laudantium. Ad cumque inventore id corrupti reiciendis.', '2021-02-15 23:52:25', '2021-02-15 23:57:17'),
(709, 18, 127, 'Voluptas incidunt fugiat et. Sint quia et aut rerum sed modi voluptatem. Vel vel culpa voluptatum voluptatem veritatis rerum. Provident culpa et et commodi doloremque. Sed aut aperiam debitis dolor velit.', '2021-02-15 23:52:26', '2021-02-15 23:57:17'),
(710, 7, 128, 'Quasi dolorem adipisci voluptate sint laboriosam necessitatibus et.', '2021-02-15 23:52:27', '2021-02-15 23:57:17'),
(711, 12, 128, 'Illum tenetur accusamus voluptatem voluptate voluptatem. A non aspernatur voluptatum vel iste laborum quia sapiente. Porro enim animi sint asperiores. Mollitia consequatur consequatur vel alias facere officiis occaecati neque. Dolore est animi quibusdam consectetur.', '2021-02-15 23:52:28', '2021-02-15 23:57:17'),
(712, 15, 128, 'Consequuntur nam deleniti perspiciatis optio. Ut soluta similique totam ut voluptas. Saepe deleniti voluptas rerum deserunt veritatis corporis voluptatum. Consectetur accusamus qui ipsam minima aut.', '2021-02-15 23:52:29', '2021-02-15 23:57:17'),
(713, 24, 128, 'Veritatis quo distinctio beatae ipsum et ipsa beatae. Itaque ut et molestiae quia neque sit perspiciatis. Vitae et est error doloribus fugit. Ipsa maiores culpa cupiditate reiciendis eaque tempore. Ex aut eligendi eos mollitia repudiandae quo repellat. Eos repellendus nisi non ut aut.', '2021-02-15 23:52:30', '2021-02-15 23:57:17'),
(715, 15, 128, 'Nostrum impedit nulla ut repellendus. Eaque eos rerum omnis occaecati eum iure porro. Eum tempora temporibus corrupti et. Perspiciatis id occaecati voluptate.', '2021-02-15 23:52:32', '2021-02-15 23:57:17'),
(716, 25, 128, 'Architecto enim aut qui unde. Labore in distinctio sed sunt eum rerum voluptatum nulla. In ut quia dolor nihil praesentium.', '2021-02-15 23:52:33', '2021-02-15 23:57:17'),
(717, 13, 128, 'Consequatur nobis eos iure vero molestiae hic impedit.', '2021-02-15 23:52:34', '2021-02-15 23:57:17'),
(718, 15, 128, 'Aut modi aut tenetur explicabo modi molestiae aut omnis. Excepturi magnam sit et nam ut consectetur.', '2021-02-15 23:52:35', '2021-02-15 23:57:17'),
(719, 17, 129, 'Repudiandae voluptas laudantium vitae qui corporis.', '2021-02-15 23:52:36', '2021-02-15 23:57:17'),
(720, 18, 129, 'Aspernatur delectus consequatur voluptatum nisi sequi et officiis. Ullam sit sit ut sit totam. Et error minus magni qui. Aut non nesciunt porro quia est quia corporis.', '2021-02-15 23:52:37', '2021-02-15 23:57:17'),
(721, 15, 129, 'Incidunt nemo sed et maiores. Saepe officia quia expedita molestiae reprehenderit et laborum. Dicta voluptas harum doloribus.', '2021-02-15 23:52:38', '2021-02-15 23:57:17'),
(722, 6, 129, 'Dolor eligendi deleniti voluptas consectetur nemo nostrum dolor sit. Assumenda numquam quasi enim iste eius quisquam. Sint id eligendi placeat omnis debitis voluptas. Inventore cumque est magnam dolorem. Dolorem est dicta non reprehenderit. Id ab ut eum tenetur. Quo excepturi molestias iste aut natus alias et qui.', '2021-02-15 23:52:39', '2021-02-15 23:57:17'),
(723, 14, 129, 'Vitae ut maiores dignissimos eius ex itaque. Eos dolorum earum at voluptas. Perspiciatis et in aspernatur exercitationem voluptate quia.', '2021-02-15 23:52:40', '2021-02-15 23:57:17'),
(724, 13, 129, 'Qui dicta aut repellendus sunt totam quo. Cum iure saepe pariatur. Dolorem beatae ipsum placeat. Ducimus at quis veritatis ut fugiat maxime.', '2021-02-15 23:52:41', '2021-02-15 23:57:17'),
(725, 10, 129, 'Qui sed aut qui. Aliquam qui quaerat dolores est quos rem et. Provident sunt aliquam non sint maiores aut et. Vero dolores nostrum non aliquam occaecati voluptatum. Aut doloribus sapiente nam cupiditate et quidem.', '2021-02-15 23:52:42', '2021-02-15 23:57:17'),
(726, 4, 129, 'Ex et recusandae eveniet accusantium cum. Sed esse modi quibusdam qui qui eveniet suscipit.', '2021-02-15 23:52:43', '2021-02-15 23:57:17'),
(727, 20, 129, 'Autem in totam consequatur aut quam inventore eos. Dolorum qui repellat tempore. Nostrum adipisci alias sed accusamus consequatur neque quas.', '2021-02-15 23:52:44', '2021-02-15 23:57:17'),
(738, 19, 131, 'Impedit temporibus minima animi nostrum. Veritatis dolor assumenda error fugiat magni fuga repudiandae. Dolor molestiae id cum quod et facilis. Nulla et voluptas non et sed iure cupiditate. Aut eius quaerat omnis quam soluta a et. Explicabo adipisci temporibus ut cum minima.', '2021-02-15 23:52:55', '2021-02-15 23:57:17'),
(739, 19, 131, 'Quam labore et assumenda beatae id molestias. Provident repellendus animi officia. Illo aut et enim voluptatem natus.', '2021-02-15 23:52:56', '2021-02-15 23:57:17'),
(740, 6, 131, 'Veniam ipsa neque et aperiam possimus dolorem repudiandae voluptas. Magni suscipit dolores quas natus debitis voluptatem. Facilis debitis sint dolorem aut quia voluptatem consequatur. Et illum enim sequi facilis qui consequatur.', '2021-02-15 23:52:57', '2021-02-15 23:57:17'),
(741, 14, 131, 'Necessitatibus ullam consequatur magnam nisi possimus commodi laudantium. Accusamus optio placeat quo mollitia consectetur soluta. Non consequatur sint non alias a saepe est. Nihil eius dolore consectetur et consequatur autem. Adipisci expedita rerum ratione perspiciatis molestiae tenetur. Impedit deserunt sit eveniet.', '2021-02-15 23:52:58', '2021-02-15 23:57:17'),
(742, 12, 131, 'Facere quos animi doloremque odit sit quo. Sequi porro modi at est. Soluta laboriosam rem ut eius consectetur. Veritatis alias debitis quis accusantium assumenda ullam atque quod.', '2021-02-15 23:52:59', '2021-02-15 23:57:17'),
(743, 22, 131, 'Suscipit veritatis vel ut ratione inventore est. Eaque voluptas ea et cumque ut. Velit numquam aut ut cumque tempore consequatur.', '2021-02-15 23:53:00', '2021-02-15 23:57:17'),
(744, 24, 131, 'Placeat eaque porro aut dolore iste aliquid ratione. Vero sit non nisi et reprehenderit reprehenderit dolor. Eum optio rerum quo consequatur. Omnis natus est officia occaecati quo.', '2021-02-15 23:53:01', '2021-02-15 23:57:17'),
(745, 7, 131, 'Earum omnis iste laudantium aut enim. Dolor sint eaque nihil modi ex tempore. Quasi voluptates quasi iure earum. Velit inventore ex beatae debitis aliquam ut. Sit quisquam dolorem quia odio. Dolorem consequuntur exercitationem beatae ea eum. Suscipit totam quisquam qui quis.', '2021-02-15 23:53:02', '2021-02-15 23:57:17'),
(753, 13, 133, 'Sit ex adipisci suscipit totam non dolorem inventore et. Non laudantium sapiente autem ea dolorum repellendus rerum. Distinctio eos nemo natus sit ipsam alias dolor.', '2021-02-15 23:53:10', '2021-02-15 23:57:17'),
(754, 24, 133, 'Qui eius exercitationem rerum consequuntur itaque nihil. In ut quia ex delectus recusandae dolor ipsam.', '2021-02-15 23:53:11', '2021-02-15 23:57:17'),
(755, 15, 133, 'Dolorum et sed quia sed quam. Rerum recusandae beatae nemo ea in voluptatem vel. Facere mollitia modi laudantium.', '2021-02-15 23:53:12', '2021-02-15 23:57:17'),
(756, 3, 133, 'Modi vitae aut consequatur neque aspernatur. Aut et qui laudantium voluptatum vero reiciendis consequatur. Et quo nesciunt odio.', '2021-02-15 23:53:13', '2021-02-15 23:57:17'),
(757, 7, 133, 'Amet cupiditate quia rerum ipsum iure eaque sequi. Amet suscipit voluptate et repudiandae sint. Odio repellendus eos quia et debitis velit.', '2021-02-15 23:53:14', '2021-02-15 23:57:17'),
(758, 23, 133, 'Est voluptate non debitis sint sit a dolore. Id qui quo nulla id. Ad aut et et voluptatibus id. Exercitationem esse autem veritatis ut ratione.', '2021-02-15 23:53:15', '2021-02-15 23:57:17'),
(759, 22, 133, 'Similique perspiciatis expedita voluptatem rerum. Qui asperiores velit doloribus molestiae tenetur. Numquam maiores quis pariatur qui dolorum asperiores deserunt omnis.', '2021-02-15 23:53:16', '2021-02-15 23:57:17'),
(760, 18, 133, 'Et optio deserunt est ex quasi provident est. Voluptas et pariatur temporibus ut. Deleniti eius illum distinctio. Modi accusamus repudiandae doloribus hic aperiam ratione molestiae.', '2021-02-15 23:53:17', '2021-02-15 23:57:17'),
(761, 7, 133, 'Tempora repudiandae est aut ab. Explicabo eos omnis tenetur odio iste ipsa sed consectetur. Non dolores hic voluptas omnis labore aliquid est. Optio officiis provident in ut accusamus quo.', '2021-02-15 23:53:18', '2021-02-15 23:57:17'),
(762, 9, 134, 'Non nobis eius vel cumque. Et magnam quia soluta repellat et dolor. Consequuntur sequi voluptas veritatis cumque officia in. Aut architecto repellendus soluta dolorum voluptatem.', '2021-02-15 23:53:19', '2021-02-15 23:57:17'),
(763, 12, 135, 'Deleniti cum est natus molestias. Eligendi et distinctio dolore ut aut aut.', '2021-02-15 23:53:20', '2021-02-15 23:57:17'),
(764, 4, 135, 'Distinctio sapiente excepturi iste dicta est. Nihil dolore aliquid et. Similique consectetur aliquam rem. Quaerat reiciendis repudiandae vitae in eaque. Hic autem debitis nisi.', '2021-02-15 23:53:21', '2021-02-15 23:57:17'),
(765, 8, 135, 'Facere facere ea consectetur enim architecto cupiditate. Minus porro ut nihil inventore impedit dolorem. Aliquam dolores quo nostrum voluptatem.', '2021-02-15 23:53:22', '2021-02-15 23:57:17'),
(766, 19, 135, 'Architecto non temporibus quos nihil temporibus molestiae.', '2021-02-15 23:53:23', '2021-02-15 23:57:17'),
(767, 19, 135, 'Hic enim repellat deserunt. Eum incidunt explicabo rerum amet.', '2021-02-15 23:53:24', '2021-02-15 23:57:17'),
(768, 9, 135, 'Eveniet ut asperiores excepturi facilis. Atque cumque natus voluptate maiores. Ut odit ab sunt officia ad optio velit.', '2021-02-15 23:53:25', '2021-02-15 23:57:17'),
(771, 11, 135, 'Nostrum labore iste nulla assumenda ut. Ut placeat dignissimos est ipsam.', '2021-02-15 23:53:28', '2021-02-15 23:57:17'),
(772, 24, 135, 'Labore porro rem ex nihil labore. Quod et sint consequatur. Eum quaerat et recusandae modi nesciunt nisi. Possimus voluptas aut autem ad.', '2021-02-15 23:53:29', '2021-02-15 23:57:17'),
(773, 12, 136, 'Quia labore laudantium provident beatae quibusdam necessitatibus. Qui atque qui facilis autem nam beatae quis voluptatem.', '2021-02-15 23:53:30', '2021-02-15 23:57:17'),
(775, 23, 136, 'Tempora dolore aut nam at aut. Quo amet qui ratione eum ex quisquam. Eum sint vero aut aut debitis sed.', '2021-02-15 23:53:32', '2021-02-15 23:57:17'),
(776, 16, 136, 'Vel ex voluptatem molestias odit odio hic. Aperiam enim est non doloremque. Qui necessitatibus totam eos architecto tempore. Distinctio in itaque provident eveniet est voluptatibus vel.', '2021-02-15 23:53:33', '2021-02-15 23:57:17'),
(777, 23, 136, 'Sed omnis est eos est est sint consequatur. Animi voluptas debitis dolorem maiores eos dolor minus non.', '2021-02-15 23:53:34', '2021-02-15 23:57:17'),
(778, 9, 136, 'Beatae nesciunt et quibusdam earum sunt. Unde voluptates reprehenderit doloribus quas possimus. Consequuntur aut quibusdam quis saepe omnis. Et et doloremque ut optio molestiae omnis et. Consequatur ut quo numquam. Officia modi atque amet inventore eius. Rerum animi nobis fugit consectetur.', '2021-02-15 23:53:35', '2021-02-15 23:57:17'),
(779, 25, 136, 'Iure nostrum nulla quis quo quod autem voluptatum. Officiis veritatis sit velit est nulla. Est non beatae rerum possimus.', '2021-02-15 23:53:36', '2021-02-15 23:57:17'),
(780, 5, 137, 'Voluptas alias itaque laborum eos dolore. Et ea omnis porro. Architecto rerum nihil ea voluptatem. Illo et laudantium laudantium fugit soluta tenetur. Et sit nulla veniam eveniet doloremque libero.', '2021-02-15 23:53:37', '2021-02-15 23:57:17'),
(781, 22, 137, 'Repellat cupiditate omnis harum id dolores minus sed. Ut perferendis at voluptatibus unde quia qui. Commodi doloremque qui vero aliquid enim qui enim.', '2021-02-15 23:53:38', '2021-02-15 23:57:17'),
(782, 7, 137, 'Nostrum expedita eos ipsum porro ipsa facere. Laudantium ut quis quas.', '2021-02-15 23:53:39', '2021-02-15 23:57:17'),
(783, 20, 137, 'Similique velit voluptatem incidunt error.', '2021-02-15 23:53:40', '2021-02-15 23:57:17'),
(784, 8, 137, 'Sit laudantium in velit facilis at doloribus odit ipsa. Ut praesentium voluptate laborum vel enim quas et. Qui cupiditate exercitationem nam praesentium. Earum quia itaque magnam aut voluptas. Quasi ea rerum ipsam dolor nihil voluptatem ipsum possimus. A et quidem dolores eveniet aut voluptas voluptatem enim. Pariatur et ducimus nihil enim. Placeat et error quas sunt.', '2021-02-15 23:53:41', '2021-02-15 23:57:17'),
(785, 6, 138, 'Sed tenetur ut commodi velit necessitatibus repellat. Dolor ad et illo qui provident pariatur soluta. Sit vitae dolor tempora inventore quae error. Alias et earum cumque vitae aspernatur nulla dolorem. Iure totam saepe doloremque voluptatem.', '2021-02-15 23:53:42', '2021-02-15 23:57:17'),
(786, 4, 138, 'Itaque vel tempore excepturi nesciunt in aperiam mollitia. Qui voluptatum non doloremque. Facilis ut eveniet optio nemo ipsa. Fugit distinctio dolorum pariatur nemo neque eos cumque quas. Eum ea soluta reiciendis quis consequuntur non.', '2021-02-15 23:53:43', '2021-02-15 23:57:17'),
(787, 9, 139, 'Sed iste et enim recusandae voluptatem magnam. Repudiandae molestiae laudantium est earum adipisci laborum id. Cupiditate et voluptatibus et enim quia sit id.', '2021-02-15 23:53:44', '2021-02-15 23:57:17'),
(789, 17, 139, 'Nam maiores et veniam voluptate delectus voluptas nobis. Voluptas qui quas reiciendis vel.', '2021-02-15 23:53:46', '2021-02-15 23:57:17'),
(790, 15, 139, 'Perferendis ullam fuga cum ex. Qui et et magni voluptatem eligendi laboriosam. Tempora eos rerum fugit maiores ipsam et voluptatem.', '2021-02-15 23:53:47', '2021-02-15 23:57:17'),
(791, 19, 139, 'Voluptas placeat et sint non alias sed. Ullam dolores aut explicabo. Et modi accusantium qui et corrupti.', '2021-02-15 23:53:48', '2021-02-15 23:57:17'),
(792, 6, 139, 'Ut quia dolorem quisquam maxime magnam perspiciatis in. Alias repudiandae ipsa ut earum distinctio. Occaecati repudiandae omnis vitae corporis incidunt. Facere qui dolor et similique dignissimos et fugiat.', '2021-02-15 23:53:49', '2021-02-15 23:57:17'),
(793, 10, 139, 'Ut fugiat quo porro ut cupiditate. Omnis dignissimos consequatur consequatur in et quos rerum vel.', '2021-02-15 23:53:50', '2021-02-15 23:57:17'),
(794, 7, 139, 'Maxime corporis ipsam doloribus. Atque quo blanditiis ipsam. Vel nulla aut expedita ab fuga vitae omnis.', '2021-02-15 23:53:51', '2021-02-15 23:57:17'),
(795, 11, 139, 'Ut quis ea blanditiis labore blanditiis perferendis. Aut id consequatur tempora aspernatur recusandae impedit.', '2021-02-15 23:53:52', '2021-02-15 23:57:17'),
(796, 5, 139, 'Nihil asperiores qui architecto rerum repellat placeat. Ipsum eveniet autem animi rerum. Ipsam alias aliquid omnis iure hic eligendi perferendis. Molestias excepturi vel eos rem eligendi qui eligendi corrupti.', '2021-02-15 23:53:53', '2021-02-15 23:57:17'),
(797, 23, 140, 'Id explicabo libero delectus fugit voluptate et ad. Laborum enim rerum incidunt laboriosam qui totam. Deserunt labore asperiores corrupti voluptate et culpa.', '2021-02-15 23:53:54', '2021-02-15 23:57:17'),
(798, 11, 140, 'Suscipit repellat ea non quis at quaerat. Dolor magni omnis est blanditiis voluptatibus illum. Debitis nisi quo qui. Harum et voluptas fugit quia molestiae. Consequatur nobis facilis deserunt quidem dolore quod. Earum tempore itaque quam ad aut. Suscipit ipsam eos laboriosam eum eligendi.', '2021-02-15 23:53:55', '2021-02-15 23:57:17'),
(799, 25, 140, 'Dicta ipsam tempore magnam reiciendis ab.', '2021-02-15 23:53:56', '2021-02-15 23:57:17'),
(800, 5, 141, 'Voluptatum voluptatem ipsam ut eveniet reprehenderit aut. Fugit provident voluptatum nobis debitis quaerat.', '2021-02-15 23:53:58', '2021-02-15 23:57:18'),
(802, 16, 141, 'Et reiciendis est hic ea consequuntur aliquid consequatur. Consequatur occaecati doloribus facere ea dolor voluptas. Ipsam iusto natus maxime. Qui maiores similique harum. Sed consectetur dolores accusantium sed velit reiciendis.', '2021-02-15 23:54:00', '2021-02-15 23:57:18'),
(803, 7, 141, 'Iusto et minima eaque quia aut.', '2021-02-15 23:54:01', '2021-02-15 23:57:18'),
(804, 19, 141, 'Natus impedit a dolorem quo voluptates explicabo enim. Ut ut atque quis a odio quia mollitia. Ut aut dolores hic est. Error dolorem quas molestiae sed. Quaerat voluptatem quia consequatur earum molestiae odit. Sunt autem maxime dolorem non est tempora. Fugit vel rerum iure voluptas dolore magni.', '2021-02-15 23:54:02', '2021-02-15 23:57:18'),
(805, 14, 141, 'Eum aliquam autem sunt voluptatem nemo. Ab rerum commodi aperiam ut enim saepe occaecati.', '2021-02-15 23:54:03', '2021-02-15 23:57:18'),
(806, 13, 141, 'Excepturi eum eum est sint quidem ex ut commodi. Accusamus voluptas vel qui et laborum ut. Enim voluptatem aperiam eum consequuntur amet aut sunt. Nostrum dolorum assumenda nulla ut.', '2021-02-15 23:54:04', '2021-02-15 23:57:18'),
(807, 15, 141, 'In aliquid dolor illum distinctio. Tempora nemo corporis rem vel aliquid.', '2021-02-15 23:54:05', '2021-02-15 23:57:18'),
(808, 12, 142, 'Sint blanditiis aspernatur ipsa voluptate alias eveniet et. Illum qui consectetur odio quia est at et. Quod doloribus voluptate consequatur eum. Dolores facere voluptatem sunt. Consequuntur laboriosam quam odit quia. Sapiente placeat hic enim voluptatibus non aliquam sint.', '2021-02-15 23:54:06', '2021-02-15 23:57:18'),
(810, 8, 142, 'Aut numquam fuga explicabo qui nostrum iste. Quod aliquam ea similique maiores ratione voluptatem quis. Asperiores quae atque doloremque quo. Quia aperiam repellendus accusantium. Sapiente debitis expedita veritatis voluptatem deserunt quasi. Suscipit aperiam animi ut quis sed facilis.', '2021-02-15 23:54:08', '2021-02-15 23:57:18'),
(811, 13, 142, 'Similique et quia vel cum. Doloribus ipsa repellat non voluptates. Illo nostrum reiciendis temporibus quo. Debitis voluptatem impedit adipisci aut. Quia et cumque totam molestias. Itaque rerum placeat pariatur omnis mollitia quos ullam voluptatem.', '2021-02-15 23:54:09', '2021-02-15 23:57:18'),
(812, 7, 143, 'Ab assumenda nam iure labore. Dolorum minima suscipit est non qui quis. Neque commodi consequatur nihil itaque quidem voluptate in. Ex reiciendis rerum molestias minus incidunt dolor omnis eum.', '2021-02-15 23:54:10', '2021-02-15 23:57:18'),
(813, 8, 143, 'Explicabo a sit assumenda veritatis velit. Maiores enim adipisci eos laboriosam dolorem.', '2021-02-15 23:54:11', '2021-02-15 23:57:18'),
(814, 10, 143, 'Deleniti labore ut modi error et asperiores. Corrupti delectus non omnis ratione et aut et at.', '2021-02-15 23:54:12', '2021-02-15 23:57:18'),
(815, 17, 143, 'Deleniti laudantium recusandae perspiciatis. Sunt sed omnis nostrum ut excepturi.', '2021-02-15 23:54:13', '2021-02-15 23:57:18'),
(816, 24, 143, 'Magni sit culpa accusamus adipisci ducimus ut. Veritatis tenetur et quae assumenda excepturi. Repellendus autem et est voluptatum libero praesentium.', '2021-02-15 23:54:14', '2021-02-15 23:57:18'),
(817, 23, 143, 'Veritatis nostrum dolore repellendus incidunt earum sunt quo. Assumenda iste delectus labore sit explicabo qui. Itaque sit iste aut laudantium eos. Quam quidem non amet quaerat. Consequatur ratione rerum soluta odit rem et eveniet.', '2021-02-15 23:54:15', '2021-02-15 23:57:18'),
(818, 9, 143, 'Sunt illo sed hic animi est aspernatur pariatur et. Ut est distinctio et. Architecto dolorem et dolor recusandae blanditiis tenetur. Totam exercitationem delectus nulla id. Unde a culpa sed.', '2021-02-15 23:54:16', '2021-02-15 23:57:18'),
(819, 3, 155, 'okelah kalau begitu', '2021-02-20 08:58:56', '2021-02-20 08:58:56'),
(820, 3, 155, 'blanda.britney@example.net', '2021-02-21 21:19:58', '2021-02-21 21:19:58');

-- --------------------------------------------------------

--
-- Struktur dari tabel `favorites`
--

CREATE TABLE `favorites` (
  `user_id` int(10) UNSIGNED NOT NULL,
  `article_id` int(10) UNSIGNED NOT NULL,
  `created_at` timestamp NULL DEFAULT NULL,
  `updated_at` timestamp NULL DEFAULT NULL
) ENGINE=InnoDB DEFAULT CHARSET=utf8mb4 COLLATE=utf8mb4_unicode_ci;

-- --------------------------------------------------------

--
-- Struktur dari tabel `follows`
--

CREATE TABLE `follows` (
  `follower_id` int(10) UNSIGNED NOT NULL,
  `followed_id` int(10) UNSIGNED NOT NULL,
  `created_at` timestamp NULL DEFAULT NULL,
  `updated_at` timestamp NULL DEFAULT NULL
) ENGINE=InnoDB DEFAULT CHARSET=utf8mb4 COLLATE=utf8mb4_unicode_ci;

--
-- Dumping data untuk tabel `follows`
--

INSERT INTO `follows` (`follower_id`, `followed_id`, `created_at`, `updated_at`) VALUES
(5, 7, '2021-02-15 23:57:20', '2021-02-15 23:57:20'),
(5, 9, '2021-02-15 23:57:20', '2021-02-15 23:57:20'),
(5, 19, '2021-02-15 23:57:20', '2021-02-15 23:57:20'),
(6, 3, '2021-02-15 23:57:20', '2021-02-15 23:57:20'),
(6, 14, '2021-02-15 23:57:20', '2021-02-15 23:57:20'),
(6, 19, '2021-02-15 23:57:20', '2021-02-15 23:57:20'),
(8, 23, '2021-02-15 23:57:20', '2021-02-15 23:57:20'),
(9, 6, '2021-02-15 23:57:20', '2021-02-15 23:57:20'),
(9, 19, '2021-02-15 23:57:20', '2021-02-15 23:57:20'),
(10, 21, '2021-02-15 23:57:20', '2021-02-15 23:57:20'),
(10, 23, '2021-02-15 23:57:20', '2021-02-15 23:57:20'),
(11, 22, '2021-02-15 23:57:20', '2021-02-15 23:57:20'),
(12, 3, '2021-02-15 23:57:20', '2021-02-15 23:57:20'),
(12, 8, '2021-02-15 23:57:20', '2021-02-15 23:57:20'),
(12, 25, '2021-02-15 23:57:20', '2021-02-15 23:57:20'),
(13, 8, '2021-02-15 23:57:20', '2021-02-15 23:57:20'),
(13, 11, '2021-02-15 23:57:20', '2021-02-15 23:57:20'),
(13, 17, '2021-02-15 23:57:20', '2021-02-15 23:57:20'),
(13, 23, '2021-02-15 23:57:20', '2021-02-15 23:57:20'),
(14, 3, '2021-02-15 23:57:20', '2021-02-15 23:57:20'),
(14, 8, '2021-02-15 23:57:20', '2021-02-15 23:57:20'),
(14, 19, '2021-02-15 23:57:20', '2021-02-15 23:57:20'),
(14, 25, '2021-02-15 23:57:20', '2021-02-15 23:57:20'),
(15, 4, '2021-02-15 23:57:20', '2021-02-15 23:57:20'),
(16, 3, '2021-02-15 23:57:20', '2021-02-15 23:57:20'),
(16, 13, '2021-02-15 23:57:20', '2021-02-15 23:57:20'),
(16, 17, '2021-02-15 23:57:20', '2021-02-15 23:57:20'),
(16, 18, '2021-02-15 23:57:20', '2021-02-15 23:57:20'),
(18, 4, '2021-02-15 23:57:20', '2021-02-15 23:57:20'),
(18, 17, '2021-02-15 23:57:20', '2021-02-15 23:57:20'),
(20, 11, '2021-02-15 23:57:20', '2021-02-15 23:57:20'),
(22, 14, '2021-02-15 23:57:20', '2021-02-15 23:57:20'),
(22, 18, '2021-02-15 23:57:20', '2021-02-15 23:57:20'),
(22, 19, '2021-02-15 23:57:20', '2021-02-15 23:57:20'),
(24, 4, '2021-02-15 23:57:20', '2021-02-15 23:57:20'),
(24, 15, '2021-02-15 23:57:20', '2021-02-15 23:57:20'),
(24, 16, '2021-02-15 23:57:20', '2021-02-15 23:57:20'),
(25, 14, '2021-02-15 23:57:20', '2021-02-15 23:57:20');

-- --------------------------------------------------------

--
-- Struktur dari tabel `migrations`
--

CREATE TABLE `migrations` (
  `id` int(10) UNSIGNED NOT NULL,
  `migration` varchar(191) COLLATE utf8mb4_unicode_ci NOT NULL,
  `batch` int(11) NOT NULL
) ENGINE=InnoDB DEFAULT CHARSET=utf8mb4 COLLATE=utf8mb4_unicode_ci;

--
-- Dumping data untuk tabel `migrations`
--

INSERT INTO `migrations` (`id`, `migration`, `batch`) VALUES
(9, '2014_10_12_000000_create_users_table', 1),
(10, '2017_04_25_201852_create_articles_table', 1),
(11, '2017_04_25_201935_create_comments_table', 1),
(12, '2017_04_25_201944_create_tags_table', 1),
(13, '2017_04_27_200628_create_favorites_table', 1),
(14, '2017_04_27_200850_create_follows_table', 1),
(15, '2021_02_03_121453_CreateStatusTable', 1),
(16, '2021_02_03_124051_UpdateArticleTable', 1),
(17, '2021_02_16_021155_create_tickets_table', 1),
(18, '2021_02_16_022235_create_ticket_category_table', 1),
(19, '2021_02_16_022557_create_ticket_status_table', 1),
(20, '2021_02_16_022650_create_ticket_priority_table', 1),
(21, '2021_02_16_022822_create_tickets_comment_table', 1);

-- --------------------------------------------------------

--
-- Struktur dari tabel `statuses`
--

CREATE TABLE `statuses` (
  `id` int(10) UNSIGNED NOT NULL,
  `name` varchar(191) COLLATE utf8mb4_unicode_ci NOT NULL,
  `created_at` timestamp NULL DEFAULT NULL,
  `updated_at` timestamp NULL DEFAULT NULL
) ENGINE=InnoDB DEFAULT CHARSET=utf8mb4 COLLATE=utf8mb4_unicode_ci;

-- --------------------------------------------------------

--
-- Struktur dari tabel `tags`
--

CREATE TABLE `tags` (
  `id` int(10) UNSIGNED NOT NULL,
  `name` varchar(191) COLLATE utf8mb4_unicode_ci NOT NULL,
  `image` varchar(2048) COLLATE utf8mb4_unicode_ci DEFAULT NULL,
  `created_at` timestamp NULL DEFAULT NULL,
  `updated_at` timestamp NULL DEFAULT NULL
) ENGINE=InnoDB DEFAULT CHARSET=utf8mb4 COLLATE=utf8mb4_unicode_ci;

--
-- Dumping data untuk tabel `tags`
--

INSERT INTO `tags` (`id`, `name`, `image`, `created_at`, `updated_at`) VALUES
(1, 'quos', NULL, '2021-02-15 23:57:14', '2021-02-15 23:57:14'),
(2, 'deserunt', NULL, '2021-02-15 23:57:14', '2021-02-15 23:57:14'),
(3, 'sint', NULL, '2021-02-15 23:57:14', '2021-02-15 23:57:14'),
(4, 'dolores', NULL, '2021-02-15 23:57:14', '2021-02-15 23:57:14'),
(5, 'velit', NULL, '2021-02-15 23:57:14', '2021-02-15 23:57:14'),
(6, 'sed', NULL, '2021-02-15 23:57:14', '2021-02-15 23:57:14'),
(7, 'est', NULL, '2021-02-15 23:57:14', '2021-02-15 23:57:14'),
(8, 'amet', NULL, '2021-02-15 23:57:14', '2021-02-15 23:57:14'),
(9, 'et', NULL, '2021-02-15 23:57:14', '2021-02-15 23:57:14'),
(10, 'recusandae', NULL, '2021-02-15 23:57:14', '2021-02-15 23:57:14'),
(11, 'reactjs', NULL, '2021-02-16 21:19:39', '2021-02-16 21:19:39'),
(12, 'angularjs', NULL, '2021-02-16 21:19:39', '2021-02-16 21:19:39'),
(13, 'dragons', NULL, '2021-02-16 21:19:39', '2021-02-16 21:19:39'),
(14, 'bisa', NULL, '2021-02-20 08:17:01', '2021-02-20 08:17:01'),
(15, 'kali', NULL, '2021-02-20 08:17:01', '2021-02-20 08:17:01');

-- --------------------------------------------------------

--
-- Struktur dari tabel `tickets`
--

CREATE TABLE `tickets` (
  `id` int(10) UNSIGNED NOT NULL,
  `slug` varchar(222) COLLATE utf8mb4_unicode_ci NOT NULL,
  `title` varchar(191) COLLATE utf8mb4_unicode_ci NOT NULL,
  `description` varchar(191) COLLATE utf8mb4_unicode_ci NOT NULL,
  `assigned_to` int(10) UNSIGNED DEFAULT NULL,
  `category_id` int(10) UNSIGNED DEFAULT NULL,
  `status_id` int(10) UNSIGNED DEFAULT NULL,
  `priority_id` int(10) UNSIGNED DEFAULT NULL,
  `user_id` int(10) UNSIGNED NOT NULL,
  `created_at` timestamp NULL DEFAULT NULL,
  `updated_at` timestamp NULL DEFAULT NULL
) ENGINE=InnoDB DEFAULT CHARSET=utf8mb4 COLLATE=utf8mb4_unicode_ci;

--
-- Dumping data untuk tabel `tickets`
--

INSERT INTO `tickets` (`id`, `slug`, `title`, `description`, `assigned_to`, `category_id`, `status_id`, `priority_id`, `user_id`, `created_at`, `updated_at`) VALUES
(2, 'apa-ge-ah', 'Apa ge ah', 'Coba lah', 1, 1, 1, 1, 3, '2021-02-17 02:32:20', '2021-02-17 02:32:20'),
(3, 'apa-ge-ah-aa', 'Apa ge ah aa', 'Coba lah', 1, 1, 1, 1, 3, '2021-02-17 02:41:29', '2021-02-17 02:41:29'),
(6, 'coba-kali-ya', 'coba kali ya', 'Coba lah', 1, 1, 1, 1, 3, '2021-02-17 10:04:52', '2021-02-17 10:04:52'),
(7, 'ku-tak-tahu', 'hehehe', 'ku tak tahu', 1, 1, 1, 1, 3, '2021-02-17 10:21:23', '2021-02-17 10:21:23'),
(8, 'ku-tak-tahu-1', 'hehehe', 'ku tak tahu', NULL, NULL, NULL, NULL, 3, '2021-02-17 18:38:29', '2021-02-17 18:38:29'),
(14, 'skrg-ga-bisa', 'skrg ga bisa', 'sabi kali ye', 3, NULL, NULL, NULL, 4, '2021-02-20 08:39:20', '2021-02-20 08:41:01'),
(15, 'gas-aja', 'gas aja', 'sabi kali ye', 3, NULL, NULL, NULL, 3, '2021-02-20 08:45:02', '2021-02-20 08:45:02'),
(16, 'gas-aja-1', 'gas aja', 'sabi kali ye', 3, NULL, NULL, NULL, 3, '2021-02-20 08:45:03', '2021-02-20 08:45:03'),
(17, 'gas-aja-2', 'gas aja', 'sabi kali ye', 3, NULL, NULL, NULL, 3, '2021-02-20 08:45:05', '2021-02-20 08:45:05'),
(21, 'hanya-mencoba-saja', 'Hanya mencoba saja', 'hmmm woke', NULL, NULL, NULL, NULL, 3, '2021-02-21 20:27:17', '2021-02-21 20:27:17'),
(22, 'mungkin-bisa', 'mungkin bisa', 'hmmm woke', NULL, NULL, NULL, NULL, 3, '2021-02-21 20:32:51', '2021-02-21 20:32:51'),
(23, 'mungkin-bisa-aa', 'mungkin bisa aa', 'hmmm woke', 3, NULL, NULL, NULL, 3, '2021-02-21 20:33:11', '2021-02-21 20:33:11'),
(26, 'test-aja', 'test aja', 'blanda.britney@example.net', 3, 2, 2, 1, 3, '2021-02-21 23:14:47', '2021-02-21 23:14:47');

-- --------------------------------------------------------

--
-- Struktur dari tabel `tickets_comments`
--

CREATE TABLE `tickets_comments` (
  `id` int(10) UNSIGNED NOT NULL,
  `tickets_id` int(10) UNSIGNED NOT NULL,
  `comment_text` varchar(191) COLLATE utf8mb4_unicode_ci DEFAULT NULL,
  `user_id` int(10) UNSIGNED NOT NULL,
  `remember_token` varchar(100) COLLATE utf8mb4_unicode_ci DEFAULT NULL,
  `created_at` timestamp NULL DEFAULT NULL,
  `updated_at` timestamp NULL DEFAULT NULL
) ENGINE=InnoDB DEFAULT CHARSET=utf8mb4 COLLATE=utf8mb4_unicode_ci;

-- --------------------------------------------------------

--
-- Struktur dari tabel `ticket_categories`
--

CREATE TABLE `ticket_categories` (
  `id` int(10) UNSIGNED NOT NULL,
  `name` varchar(191) COLLATE utf8mb4_unicode_ci NOT NULL,
  `remember_token` varchar(100) COLLATE utf8mb4_unicode_ci DEFAULT NULL,
  `created_at` timestamp NULL DEFAULT NULL,
  `updated_at` timestamp NULL DEFAULT NULL
) ENGINE=InnoDB DEFAULT CHARSET=utf8mb4 COLLATE=utf8mb4_unicode_ci;

--
-- Dumping data untuk tabel `ticket_categories`
--

INSERT INTO `ticket_categories` (`id`, `name`, `remember_token`, `created_at`, `updated_at`) VALUES
(1, 'Bug', NULL, NULL, NULL),
(2, 'General Request', NULL, NULL, NULL),
(3, 'Question', NULL, NULL, NULL),
(4, 'Specification', NULL, NULL, NULL),
(5, 'Suggestion', NULL, NULL, NULL);

-- --------------------------------------------------------

--
-- Struktur dari tabel `ticket_priorities`
--

CREATE TABLE `ticket_priorities` (
  `id` int(10) UNSIGNED NOT NULL,
  `name` varchar(191) COLLATE utf8mb4_unicode_ci NOT NULL,
  `remember_token` varchar(100) COLLATE utf8mb4_unicode_ci DEFAULT NULL,
  `created_at` timestamp NULL DEFAULT NULL,
  `updated_at` timestamp NULL DEFAULT NULL
) ENGINE=InnoDB DEFAULT CHARSET=utf8mb4 COLLATE=utf8mb4_unicode_ci;

--
-- Dumping data untuk tabel `ticket_priorities`
--

INSERT INTO `ticket_priorities` (`id`, `name`, `remember_token`, `created_at`, `updated_at`) VALUES
(1, 'High', NULL, NULL, NULL),
(2, 'Medium', NULL, NULL, NULL),
(3, 'Low', NULL, NULL, NULL);

-- --------------------------------------------------------

--
-- Struktur dari tabel `ticket_statuses`
--

CREATE TABLE `ticket_statuses` (
  `id` int(10) UNSIGNED NOT NULL,
  `name` varchar(191) COLLATE utf8mb4_unicode_ci NOT NULL,
  `remember_token` varchar(100) COLLATE utf8mb4_unicode_ci DEFAULT NULL,
  `created_at` timestamp NULL DEFAULT NULL,
  `updated_at` timestamp NULL DEFAULT NULL
) ENGINE=InnoDB DEFAULT CHARSET=utf8mb4 COLLATE=utf8mb4_unicode_ci;

--
-- Dumping data untuk tabel `ticket_statuses`
--

INSERT INTO `ticket_statuses` (`id`, `name`, `remember_token`, `created_at`, `updated_at`) VALUES
(1, 'New', NULL, NULL, NULL),
(2, 'Assigned', NULL, NULL, NULL),
(3, 'Deployed', NULL, NULL, NULL),
(4, 'Resolved', NULL, NULL, NULL);

-- --------------------------------------------------------

--
-- Struktur dari tabel `users`
--

CREATE TABLE `users` (
  `id` int(10) UNSIGNED NOT NULL,
  `username` varchar(191) COLLATE utf8mb4_unicode_ci NOT NULL,
  `email` varchar(191) COLLATE utf8mb4_unicode_ci NOT NULL,
  `password` varchar(191) COLLATE utf8mb4_unicode_ci NOT NULL,
  `role` varchar(10) COLLATE utf8mb4_unicode_ci NOT NULL,
  `bio` varchar(191) COLLATE utf8mb4_unicode_ci DEFAULT NULL,
  `image` varchar(2048) COLLATE utf8mb4_unicode_ci DEFAULT NULL,
  `remember_token` varchar(100) COLLATE utf8mb4_unicode_ci DEFAULT NULL,
  `created_at` timestamp NULL DEFAULT NULL,
  `updated_at` timestamp NULL DEFAULT NULL
) ENGINE=InnoDB DEFAULT CHARSET=utf8mb4 COLLATE=utf8mb4_unicode_ci;

--
-- Dumping data untuk tabel `users`
--

INSERT INTO `users` (`id`, `username`, `email`, `password`, `role`, `bio`, `image`, `remember_token`, `created_at`, `updated_at`) VALUES
(3, 'sallie17', 'blanda.britney@example.net', '$2y$10$6qR83ioXo6mVaqaxI85xielueud0iLyvH9PpFiGQ47Jp7oDSW2RdO', '', 'Illum ut deleniti dolorum asperiores dolores.', 'https://cdn.worldvectorlogo.com/logos/laravel.svg', NULL, '2021-02-15 23:57:14', '2021-02-15 23:57:14'),
(4, 'ryan96', 'nikki62@example.com', '$2y$10$HPcTBp/ZnimrCeAeQYFDi.syeP47cFEHzXutnFYZvbfJcW3KpnTjW', '', 'Qui ut sapiente velit voluptatibus.', 'https://cdn.worldvectorlogo.com/logos/laravel.svg', NULL, '2021-02-15 23:57:14', '2021-02-15 23:57:14'),
(5, 'cbayer', 'twalsh@example.net', '$2y$10$bMFtGCVcVHQOTvAYvtdw6.A/.KGiKOHV.njxN1fbyW3ROVo5GyAom', '', 'Vel asperiores ex sint qui exercitationem fugiat et.', 'https://cdn.worldvectorlogo.com/logos/laravel.svg', NULL, '2021-02-15 23:57:14', '2021-02-15 23:57:14'),
(6, 'leuschkecarleton', 'davis.barry@example.com', '$2y$10$qvJQVixIVUmdE73Cy9jTLeDb4u/4pcW0Usr.5r/piup9bvpWXOuTa', '', 'Odit illum qui quia quia nemo enim.', 'https://cdn.worldvectorlogo.com/logos/laravel.svg', NULL, '2021-02-15 23:57:14', '2021-02-15 23:57:14'),
(7, 'hagenessadie', 'daren.hoeger@example.net', '$2y$10$bCuO1lU6d54luByaVP.3UuObYqSlMA7tdgXAwV7/qP/8UG6T.kpbq', '', 'Enim voluptatem doloribus dolorem consequatur et ea sit animi.', 'https://cdn.worldvectorlogo.com/logos/laravel.svg', NULL, '2021-02-15 23:57:14', '2021-02-15 23:57:14'),
(8, 'llind', 'mayer.alivia@example.org', '$2y$10$BUv6bXq7BCDXqO.DhkYHru8NSMCXky6nRD6OYXI46wN45kor5jnqa', '', 'Ipsam praesentium et quas qui officia praesentium officiis.', 'https://cdn.worldvectorlogo.com/logos/laravel.svg', NULL, '2021-02-15 23:57:14', '2021-02-15 23:57:14'),
(9, 'bartolettikhalid', 'cronin.keely@example.net', '$2y$10$IOnb3oYC/DCWI5Amqj9RseuT6wGk6ugFHeAbIhqo.twTWqaD7uJ72', '', 'Quod modi incidunt delectus.', 'https://cdn.worldvectorlogo.com/logos/laravel.svg', NULL, '2021-02-15 23:57:14', '2021-02-15 23:57:14'),
(10, 'nmccullough', 'yundt.telly@example.net', '$2y$10$RPZ7J3lMCZd1Z5suS0CdzuwVR0nwZFawqavjLTAKOXuHjDcHSWVqS', '', 'Vitae quia unde enim eaque provident aut.', 'https://cdn.worldvectorlogo.com/logos/laravel.svg', NULL, '2021-02-15 23:57:14', '2021-02-15 23:57:14'),
(11, 'ransomrowe', 'dsmith@example.net', '$2y$10$1SGVR2jwker21nBtG8qsAedLHOJGuQrauBQe8/bhsHyJvNkEWzPiy', '', 'Maiores ut est excepturi magni sint.', 'https://cdn.worldvectorlogo.com/logos/laravel.svg', NULL, '2021-02-15 23:57:14', '2021-02-15 23:57:14'),
(12, 'plind', 'fparker@example.net', '$2y$10$Ap.8Nw1.8DWfdTPiRnxSS.WWIn3Y7x1OIO.BdX3xy27xTLuBVvCjS', '', 'Culpa eos quia accusantium labore.', 'https://cdn.worldvectorlogo.com/logos/laravel.svg', NULL, '2021-02-15 23:57:14', '2021-02-15 23:57:14'),
(13, 'mose29', 'gianni.jakubowski@example.com', '$2y$10$IfXF/6Orj0cH8ymanS2WOuF0NiUWZm.ca9kcDmaPuX81s1y//2khC', '', 'Harum est minus nisi dignissimos iste odit non exercitationem.', 'https://cdn.worldvectorlogo.com/logos/laravel.svg', NULL, '2021-02-15 23:57:14', '2021-02-15 23:57:14'),
(14, 'shannonbuckridge', 'marianne.franecki@example.org', '$2y$10$FVl1IADIgZkQB36yDvcnjeBAZcN1mFHgViazZprtVtCxfse8SpiYW', '', 'Molestias sit suscipit voluptas.', 'https://cdn.worldvectorlogo.com/logos/laravel.svg', NULL, '2021-02-15 23:57:14', '2021-02-15 23:57:14'),
(15, 'alyce52', 'yost.kathryn@example.org', '$2y$10$cIIQ1JDHXyTceK2accWDteC0Vfu33DaLVAmkilp33T4y3lqfZhGO.', '', 'Aut quis aut et officia quidem reiciendis laudantium eveniet.', 'https://cdn.worldvectorlogo.com/logos/laravel.svg', NULL, '2021-02-15 23:57:14', '2021-02-15 23:57:14'),
(16, 'vrenner', 'vonrueden.ari@example.com', '$2y$10$qpL8eMcK.WGyQcyNm.Pjb.LKWPIj58f8yoLjuVZk48iZpZwXKl4hi', '', 'Nihil dicta molestiae nisi dolorem totam.', 'https://cdn.worldvectorlogo.com/logos/laravel.svg', NULL, '2021-02-15 23:57:14', '2021-02-15 23:57:14'),
(17, 'louieschoen', 'audie44@example.org', '$2y$10$9K7txrvtpcRvSSS3snYLCeP5jp/jIN/cPXobKauiHad8OID2gL6xK', '', 'Similique beatae ea neque explicabo quae eos dignissimos.', 'https://cdn.worldvectorlogo.com/logos/laravel.svg', NULL, '2021-02-15 23:57:14', '2021-02-15 23:57:14'),
(18, 'luettgenjerald', 'joel91@example.net', '$2y$10$b9nPXrrrNcB2y905YyRs3O.XDAcIe9CiSVrxMcuzLQ2LYZGRPgLqW', '', 'Nulla quis debitis natus voluptate.', 'https://cdn.worldvectorlogo.com/logos/laravel.svg', NULL, '2021-02-15 23:57:14', '2021-02-15 23:57:14'),
(19, 'huelcamille', 'mikel32@example.net', '$2y$10$7Po7M1NRp1rmO63AY4Wg3.Zx/zjKc/KNYNI4rRO4jmoAgEpf7BW92', '', 'Cum voluptates eum et possimus.', 'https://cdn.worldvectorlogo.com/logos/laravel.svg', NULL, '2021-02-15 23:57:14', '2021-02-15 23:57:14'),
(20, 'hillkolby', 'denis60@example.com', '$2y$10$h9V650Qs2mKPIY3PjDziNeTyo7UxnlPBbeY/lVCG00FPMn6.ieU0u', '', 'Mollitia voluptatum beatae non explicabo quis est deleniti.', 'https://cdn.worldvectorlogo.com/logos/laravel.svg', NULL, '2021-02-15 23:57:14', '2021-02-15 23:57:14'),
(21, 'rohandorothea', 'eunice.flatley@example.net', '$2y$10$WJS8j8IXzMpt5l1YZuYfoOspmv5fmFckMnXsjoF0czFwuZHwk9y52', '', 'Ea adipisci corporis sint id dolorum ex cupiditate.', 'https://cdn.worldvectorlogo.com/logos/laravel.svg', NULL, '2021-02-15 23:57:14', '2021-02-15 23:57:14'),
(22, 'osbaldo17', 'betty27@example.net', '$2y$10$RSKxnBYLUr9As28B7qpvk.HEJW5N/ou034kSsVDg.Ltz2cgO/aQHC', '', 'Repellendus corrupti quasi est eius labore.', 'https://cdn.worldvectorlogo.com/logos/laravel.svg', NULL, '2021-02-15 23:57:14', '2021-02-15 23:57:14'),
(23, 'uprosacco', 'nils72@example.net', '$2y$10$Q0v86uozZzhvJG7XqkIDT.DwTtZ/YygdBcebwTiZj7UrIwD3lHnwG', '', 'Natus harum nobis dolores esse.', 'https://cdn.worldvectorlogo.com/logos/laravel.svg', NULL, '2021-02-15 23:57:14', '2021-02-15 23:57:14'),
(24, 'ztillman', 'nwolf@example.org', '$2y$10$I4yfyXUPoQpEVhrmKrdq3OtIQuhmvaDgwGAOMvfFSuJe2pELTyZlO', '', 'Deserunt perspiciatis dolores molestiae voluptatum provident hic.', 'https://cdn.worldvectorlogo.com/logos/laravel.svg', NULL, '2021-02-15 23:57:14', '2021-02-15 23:57:14'),
(25, 'goldencrona', 'ddubuque@example.com', '$2y$10$3NKkPt2Z22Oukd4EnXeeQOc5rT4iP8Sws/n4JyeSlrk35lLL4j.QG', '', 'Voluptatem omnis sed ut iure voluptas.', 'https://cdn.worldvectorlogo.com/logos/laravel.svg', NULL, '2021-02-15 23:57:14', '2021-02-15 23:57:14');

--
-- Indexes for dumped tables
--

--
-- Indeks untuk tabel `articles`
--
ALTER TABLE `articles`
  ADD PRIMARY KEY (`id`),
  ADD UNIQUE KEY `articles_slug_unique` (`slug`),
  ADD KEY `articles_user_id_foreign` (`user_id`);

--
-- Indeks untuk tabel `article_status`
--
ALTER TABLE `article_status`
  ADD PRIMARY KEY (`article_id`,`status_id`),
  ADD KEY `article_status_status_id_foreign` (`status_id`);

--
-- Indeks untuk tabel `article_tag`
--
ALTER TABLE `article_tag`
  ADD PRIMARY KEY (`article_id`,`tag_id`),
  ADD KEY `article_tag_tag_id_foreign` (`tag_id`);

--
-- Indeks untuk tabel `comments`
--
ALTER TABLE `comments`
  ADD PRIMARY KEY (`id`),
  ADD KEY `comments_user_id_foreign` (`user_id`),
  ADD KEY `comments_article_id_foreign` (`article_id`);

--
-- Indeks untuk tabel `favorites`
--
ALTER TABLE `favorites`
  ADD PRIMARY KEY (`user_id`,`article_id`),
  ADD KEY `favorites_article_id_foreign` (`article_id`);

--
-- Indeks untuk tabel `follows`
--
ALTER TABLE `follows`
  ADD PRIMARY KEY (`follower_id`,`followed_id`),
  ADD KEY `follows_followed_id_foreign` (`followed_id`);

--
-- Indeks untuk tabel `migrations`
--
ALTER TABLE `migrations`
  ADD PRIMARY KEY (`id`);

--
-- Indeks untuk tabel `statuses`
--
ALTER TABLE `statuses`
  ADD PRIMARY KEY (`id`),
  ADD UNIQUE KEY `statuses_name_unique` (`name`);

--
-- Indeks untuk tabel `tags`
--
ALTER TABLE `tags`
  ADD PRIMARY KEY (`id`),
  ADD UNIQUE KEY `tags_name_unique` (`name`);

--
-- Indeks untuk tabel `tickets`
--
ALTER TABLE `tickets`
  ADD PRIMARY KEY (`id`),
  ADD KEY `assigned_to` (`assigned_to`,`category_id`,`status_id`,`priority_id`,`user_id`),
  ADD KEY `user_id` (`user_id`),
  ADD KEY `slug` (`slug`(191));

--
-- Indeks untuk tabel `tickets_comments`
--
ALTER TABLE `tickets_comments`
  ADD PRIMARY KEY (`id`),
  ADD KEY `user_id` (`user_id`),
  ADD KEY `tickets_id` (`tickets_id`);

--
-- Indeks untuk tabel `ticket_categories`
--
ALTER TABLE `ticket_categories`
  ADD PRIMARY KEY (`id`);

--
-- Indeks untuk tabel `ticket_priorities`
--
ALTER TABLE `ticket_priorities`
  ADD PRIMARY KEY (`id`);

--
-- Indeks untuk tabel `ticket_statuses`
--
ALTER TABLE `ticket_statuses`
  ADD PRIMARY KEY (`id`);

--
-- Indeks untuk tabel `users`
--
ALTER TABLE `users`
  ADD PRIMARY KEY (`id`),
  ADD UNIQUE KEY `users_username_email_unique` (`username`,`email`);

--
-- AUTO_INCREMENT untuk tabel yang dibuang
--

--
-- AUTO_INCREMENT untuk tabel `articles`
--
ALTER TABLE `articles`
  MODIFY `id` int(10) UNSIGNED NOT NULL AUTO_INCREMENT, AUTO_INCREMENT=156;

--
-- AUTO_INCREMENT untuk tabel `comments`
--
ALTER TABLE `comments`
  MODIFY `id` int(10) UNSIGNED NOT NULL AUTO_INCREMENT, AUTO_INCREMENT=821;

--
-- AUTO_INCREMENT untuk tabel `migrations`
--
ALTER TABLE `migrations`
  MODIFY `id` int(10) UNSIGNED NOT NULL AUTO_INCREMENT, AUTO_INCREMENT=22;

--
-- AUTO_INCREMENT untuk tabel `statuses`
--
ALTER TABLE `statuses`
  MODIFY `id` int(10) UNSIGNED NOT NULL AUTO_INCREMENT;

--
-- AUTO_INCREMENT untuk tabel `tags`
--
ALTER TABLE `tags`
  MODIFY `id` int(10) UNSIGNED NOT NULL AUTO_INCREMENT, AUTO_INCREMENT=16;

--
-- AUTO_INCREMENT untuk tabel `tickets`
--
ALTER TABLE `tickets`
  MODIFY `id` int(10) UNSIGNED NOT NULL AUTO_INCREMENT, AUTO_INCREMENT=27;

--
-- AUTO_INCREMENT untuk tabel `tickets_comments`
--
ALTER TABLE `tickets_comments`
  MODIFY `id` int(10) UNSIGNED NOT NULL AUTO_INCREMENT, AUTO_INCREMENT=19;

--
-- AUTO_INCREMENT untuk tabel `ticket_categories`
--
ALTER TABLE `ticket_categories`
  MODIFY `id` int(10) UNSIGNED NOT NULL AUTO_INCREMENT, AUTO_INCREMENT=6;

--
-- AUTO_INCREMENT untuk tabel `ticket_priorities`
--
ALTER TABLE `ticket_priorities`
  MODIFY `id` int(10) UNSIGNED NOT NULL AUTO_INCREMENT, AUTO_INCREMENT=4;

--
-- AUTO_INCREMENT untuk tabel `ticket_statuses`
--
ALTER TABLE `ticket_statuses`
  MODIFY `id` int(10) UNSIGNED NOT NULL AUTO_INCREMENT, AUTO_INCREMENT=5;

--
-- AUTO_INCREMENT untuk tabel `users`
--
ALTER TABLE `users`
  MODIFY `id` int(10) UNSIGNED NOT NULL AUTO_INCREMENT, AUTO_INCREMENT=26;

--
-- Ketidakleluasaan untuk tabel pelimpahan (Dumped Tables)
--

--
-- Ketidakleluasaan untuk tabel `articles`
--
ALTER TABLE `articles`
  ADD CONSTRAINT `articles_user_id_foreign` FOREIGN KEY (`user_id`) REFERENCES `users` (`id`) ON DELETE CASCADE;

--
-- Ketidakleluasaan untuk tabel `article_status`
--
ALTER TABLE `article_status`
  ADD CONSTRAINT `article_status_article_id_foreign` FOREIGN KEY (`article_id`) REFERENCES `articles` (`id`) ON DELETE CASCADE,
  ADD CONSTRAINT `article_status_status_id_foreign` FOREIGN KEY (`status_id`) REFERENCES `statuses` (`id`) ON DELETE CASCADE;

--
-- Ketidakleluasaan untuk tabel `article_tag`
--
ALTER TABLE `article_tag`
  ADD CONSTRAINT `article_tag_article_id_foreign` FOREIGN KEY (`article_id`) REFERENCES `articles` (`id`) ON DELETE CASCADE,
  ADD CONSTRAINT `article_tag_tag_id_foreign` FOREIGN KEY (`tag_id`) REFERENCES `tags` (`id`) ON DELETE CASCADE;

--
-- Ketidakleluasaan untuk tabel `comments`
--
ALTER TABLE `comments`
  ADD CONSTRAINT `comments_article_id_foreign` FOREIGN KEY (`article_id`) REFERENCES `articles` (`id`) ON DELETE CASCADE,
  ADD CONSTRAINT `comments_user_id_foreign` FOREIGN KEY (`user_id`) REFERENCES `users` (`id`) ON DELETE CASCADE;

--
-- Ketidakleluasaan untuk tabel `favorites`
--
ALTER TABLE `favorites`
  ADD CONSTRAINT `favorites_article_id_foreign` FOREIGN KEY (`article_id`) REFERENCES `articles` (`id`) ON DELETE CASCADE,
  ADD CONSTRAINT `favorites_user_id_foreign` FOREIGN KEY (`user_id`) REFERENCES `users` (`id`) ON DELETE CASCADE;

--
-- Ketidakleluasaan untuk tabel `follows`
--
ALTER TABLE `follows`
  ADD CONSTRAINT `follows_followed_id_foreign` FOREIGN KEY (`followed_id`) REFERENCES `users` (`id`) ON DELETE CASCADE,
  ADD CONSTRAINT `follows_follower_id_foreign` FOREIGN KEY (`follower_id`) REFERENCES `users` (`id`) ON DELETE CASCADE;

--
-- Ketidakleluasaan untuk tabel `tickets`
--
ALTER TABLE `tickets`
  ADD CONSTRAINT `tickets_ibfk_1` FOREIGN KEY (`user_id`) REFERENCES `users` (`id`);

--
-- Ketidakleluasaan untuk tabel `tickets_comments`
--
ALTER TABLE `tickets_comments`
  ADD CONSTRAINT `tickets_comments_ibfk_1` FOREIGN KEY (`user_id`) REFERENCES `users` (`id`),
  ADD CONSTRAINT `tickets_comments_ibfk_2` FOREIGN KEY (`tickets_id`) REFERENCES `tickets` (`id`),
  ADD CONSTRAINT `tickets_comments_ibfk_3` FOREIGN KEY (`tickets_id`) REFERENCES `tickets` (`id`);
COMMIT;

/*!40101 SET CHARACTER_SET_CLIENT=@OLD_CHARACTER_SET_CLIENT */;
/*!40101 SET CHARACTER_SET_RESULTS=@OLD_CHARACTER_SET_RESULTS */;
/*!40101 SET COLLATION_CONNECTION=@OLD_COLLATION_CONNECTION */;
